OverallQual,GrLivArea,GarageCars,GarageArea,TotalBsmtSF,1stFlrSF,YearBuilt,YearRemodAdd,KitchenQual,ExterQual,BsmtQual,GarageFinish,2ndFlrSF,FullBath,TotRmsAbvGrd,GarageYrBlt,Fireplaces,MasVnrArea,BsmtFinSF1,LotArea,BsmtExposure,GarageType,HouseStyle,Exterior1st,SaleCondition,TotalSF,TotalBathrooms,HouseAge,YearsSinceRemod,SalePrice
7,1710,2.0,548.0,856.0,856,2003,2003,Gd,Gd,Gd,RFn,854,2,8,2003.0,0,196.0,706.0,8450,No,Attchd,2Story,VinylSd,Normal,2566.0,3.5,5,5,208500.0
6,1262,2.0,460.0,1262.0,1262,1976,1976,TA,TA,Gd,RFn,0,2,6,1976.0,1,0.0,978.0,9600,Gd,Attchd,1Story,MetalSd,Normal,2524.0,2.5,31,31,181500.0
7,1786,2.0,608.0,920.0,920,2001,2002,Gd,Gd,Gd,RFn,866,2,6,2001.0,1,162.0,486.0,11250,Mn,Attchd,2Story,VinylSd,Normal,2706.0,3.5,7,6,223500.0
7,1717,3.0,642.0,756.0,961,1915,1970,Gd,TA,TA,Unf,756,1,7,1998.0,1,0.0,216.0,9550,No,Detchd,2Story,Wd Sdng,Abnorml,2473.0,2.0,91,36,140000.0
8,2198,3.0,836.0,1145.0,1145,2000,2000,Gd,Gd,Gd,RFn,1053,2,9,2000.0,1,350.0,655.0,14260,Av,Attchd,2Story,VinylSd,Normal,3343.0,3.5,8,8,250000.0
5,1362,2.0,480.0,796.0,796,1993,1995,TA,TA,Gd,Unf,566,1,5,1993.0,0,0.0,732.0,14115,No,Attchd,1.5Fin,VinylSd,Normal,2158.0,2.5,16,14,143000.0
8,1694,2.0,636.0,1686.0,1694,2004,2005,Gd,Gd,Ex,RFn,0,2,7,2004.0,1,186.0,1369.0,10084,Av,Attchd,1Story,VinylSd,Normal,3380.0,3.0,3,2,307000.0
7,2090,2.0,484.0,1107.0,1107,1973,1973,TA,TA,Gd,RFn,983,2,7,1973.0,2,240.0,859.0,10382,Mn,Attchd,2Story,HdBoard,Normal,3197.0,3.5,36,36,200000.0
7,1774,2.0,468.0,952.0,1022,1931,1950,TA,TA,TA,Unf,752,2,8,1931.0,2,0.0,0.0,6120,No,Detchd,1.5Fin,BrkFace,Abnorml,2726.0,2.0,77,58,129900.0
5,1077,1.0,205.0,991.0,1077,1939,1950,TA,TA,TA,RFn,0,1,5,1939.0,2,0.0,851.0,7420,No,Attchd,1.5Unf,MetalSd,Normal,2068.0,2.0,69,58,118000.0
5,1040,1.0,384.0,1040.0,1040,1965,1965,TA,TA,TA,Unf,0,1,5,1965.0,0,0.0,906.0,11200,No,Detchd,1Story,HdBoard,Normal,2080.0,2.0,43,43,129500.0
9,2324,3.0,736.0,1175.0,1182,2005,2006,Ex,Ex,Ex,Fin,1142,3,11,2005.0,2,286.0,998.0,11924,No,BuiltIn,2Story,WdShing,Partial,3499.0,4.0,1,0,345000.0
5,912,1.0,352.0,912.0,912,1962,1962,TA,TA,TA,Unf,0,1,4,1962.0,0,0.0,737.0,12968,No,Detchd,1Story,HdBoard,Normal,1824.0,2.0,46,46,144000.0
7,1494,3.0,840.0,1494.0,1494,2006,2007,Gd,Gd,Gd,RFn,0,2,7,2006.0,1,306.0,0.0,10652,Av,Attchd,1Story,VinylSd,Partial,2988.0,2.0,1,0,279500.0
6,1253,1.0,352.0,1253.0,1253,1960,1960,TA,TA,TA,RFn,0,1,5,1960.0,1,212.0,733.0,10920,No,Attchd,1Story,MetalSd,Normal,2506.0,2.5,48,48,157000.0
7,854,2.0,576.0,832.0,854,1929,2001,TA,TA,TA,Unf,0,1,5,1991.0,0,0.0,0.0,6120,No,Detchd,1.5Unf,Wd Sdng,Normal,1686.0,1.0,78,6,132000.0
6,1004,2.0,480.0,1004.0,1004,1970,1970,TA,TA,TA,Fin,0,1,5,1970.0,1,180.0,578.0,11241,No,Attchd,1Story,Wd Sdng,Normal,2008.0,2.0,40,40,149000.0
4,1296,2.0,516.0,0.0,1296,1967,1967,TA,TA,,Unf,0,2,6,1967.0,0,0.0,0.0,10791,,CarPort,1Story,MetalSd,Normal,1296.0,2.0,39,39,90000.0
5,1114,2.0,576.0,1114.0,1114,2004,2004,Gd,TA,TA,Unf,0,1,6,2004.0,0,0.0,646.0,13695,No,Detchd,1Story,VinylSd,Normal,2228.0,2.5,4,4,159000.0
5,1339,1.0,294.0,1029.0,1339,1958,1965,TA,TA,TA,Unf,0,1,6,1958.0,0,0.0,504.0,7560,No,Attchd,1Story,BrkFace,Abnorml,2368.0,1.0,51,44,139000.0
8,2376,3.0,853.0,1158.0,1158,2005,2006,Gd,Gd,Ex,RFn,1218,3,9,2005.0,1,380.0,0.0,14215,Av,BuiltIn,2Story,VinylSd,Partial,3534.0,3.5,1,0,325300.0
7,1108,1.0,280.0,637.0,1108,1930,1950,Gd,TA,TA,Unf,0,1,6,1930.0,1,0.0,0.0,7449,No,Attchd,1.5Unf,Wd Sdng,Normal,1745.0,1.0,77,57,139400.0
8,1795,2.0,534.0,1777.0,1795,2002,2002,Gd,Gd,Gd,RFn,0,2,7,2002.0,1,281.0,0.0,9742,No,Attchd,1Story,VinylSd,Normal,3572.0,2.0,6,6,230000.0
5,1060,2.0,572.0,1040.0,1060,1976,1976,TA,TA,Gd,Unf,0,1,6,1976.0,1,0.0,840.0,4224,No,Attchd,1Story,CemntBd,Normal,2100.0,2.0,31,31,129900.0
5,1060,1.0,270.0,1060.0,1060,1968,2001,Gd,TA,TA,Unf,0,1,6,1968.0,1,0.0,188.0,8246,Mn,Attchd,1Story,Plywood,Normal,2120.0,2.0,42,9,154000.0
8,1600,3.0,890.0,1566.0,1600,2007,2007,Gd,Gd,Gd,RFn,0,2,7,2007.0,1,640.0,0.0,14230,No,Attchd,1Story,VinylSd,Normal,3166.0,2.0,2,2,256300.0
5,900,2.0,576.0,900.0,900,1951,2000,Gd,TA,TA,Unf,0,1,5,2005.0,0,0.0,234.0,7200,Mn,Detchd,1Story,Wd Sdng,Normal,1800.0,1.5,59,10,134800.0
8,1704,3.0,772.0,1704.0,1704,2007,2008,Gd,Gd,Ex,RFn,0,2,7,2008.0,1,200.0,1218.0,11478,No,Attchd,1Story,VinylSd,Normal,3408.0,3.0,3,2,306000.0
5,1600,1.0,319.0,1484.0,1600,1957,1997,TA,TA,TA,RFn,0,1,6,1957.0,2,0.0,1277.0,16321,Gd,Attchd,1Story,MetalSd,Normal,3084.0,2.0,49,9,207500.0
4,520,1.0,240.0,520.0,520,1927,1950,Fa,TA,TA,Unf,0,1,4,1920.0,0,0.0,0.0,6324,No,Detchd,1Story,MetalSd,Normal,1040.0,1.0,81,58,68500.0
4,1317,1.0,250.0,649.0,649,1920,1950,TA,TA,TA,Unf,668,1,6,1920.0,0,0.0,0.0,8500,No,Detchd,2Story,BrkFace,Normal,1966.0,1.0,88,58,40000.0
5,1228,1.0,271.0,1228.0,1228,1966,2006,Gd,TA,TA,Unf,0,1,6,1966.0,0,0.0,0.0,8544,No,Attchd,1Story,HdBoard,Normal,2456.0,1.5,42,2,149350.0
8,1234,2.0,484.0,1234.0,1234,2007,2007,Gd,Gd,Ex,RFn,0,2,7,2007.0,0,0.0,0.0,11049,Av,Attchd,1Story,VinylSd,Normal,2468.0,2.0,1,1,179900.0
5,1700,2.0,447.0,1398.0,1700,1959,1959,Gd,TA,TA,RFn,0,1,6,1959.0,1,0.0,1018.0,10552,No,Attchd,1Story,BrkFace,Normal,3098.0,2.0,51,51,165500.0
9,1561,2.0,556.0,1561.0,1561,2005,2005,Ex,Ex,Ex,Fin,0,2,6,2005.0,1,246.0,1153.0,7313,No,Attchd,1Story,MetalSd,Normal,3122.0,3.0,2,2,277500.0
8,2452,3.0,691.0,1117.0,1132,2004,2005,Gd,Gd,Ex,Fin,1320,3,9,2004.0,1,132.0,0.0,13418,Av,BuiltIn,2Story,VinylSd,Normal,3569.0,3.5,2,1,309000.0
5,1097,2.0,672.0,1097.0,1097,1994,1995,TA,TA,Gd,Unf,0,1,6,1995.0,0,0.0,0.0,10859,No,Attchd,1Story,VinylSd,Normal,2194.0,1.5,15,14,145000.0
5,1297,2.0,498.0,1297.0,1297,1954,1990,TA,TA,TA,Fin,0,1,5,1954.0,1,650.0,1213.0,8532,No,Attchd,1Story,Wd Sdng,Normal,2594.0,1.5,55,19,153000.0
5,1057,1.0,246.0,1057.0,1057,1953,2007,Gd,TA,TA,Unf,0,1,5,1953.0,0,0.0,731.0,7922,No,Detchd,1Story,VinylSd,Abnorml,2114.0,2.0,57,3,109000.0
4,1152,0.0,0.0,0.0,1152,1955,1955,Fa,TA,,,0,2,6,,0,0.0,0.0,6040,,,1Story,AsbShng,AdjLand,1152.0,2.0,53,53,82000.0
6,1324,2.0,440.0,1088.0,1324,1965,1965,TA,TA,TA,RFn,0,2,6,1965.0,1,101.0,643.0,8658,No,Attchd,1Story,Wd Sdng,Abnorml,2412.0,2.0,41,41,160000.0
5,1328,1.0,308.0,1350.0,1328,1959,1959,TA,TA,TA,RFn,0,1,5,1959.0,2,0.0,967.0,16905,Gd,Attchd,1Story,VinylSd,Normal,2678.0,2.0,48,48,170000.0
5,884,2.0,504.0,840.0,884,1983,1983,Gd,TA,Gd,RFn,0,1,5,1983.0,0,0.0,747.0,9180,Av,Attchd,SFoyer,HdBoard,Normal,1724.0,2.0,24,24,144000.0
5,938,1.0,308.0,938.0,938,1975,1980,TA,TA,Gd,Unf,0,1,5,1977.0,0,0.0,280.0,9200,Av,Detchd,1Story,VinylSd,Normal,1876.0,2.0,33,28,130250.0
5,1150,1.0,300.0,1150.0,1150,1959,1959,TA,TA,TA,RFn,0,1,6,1959.0,0,0.0,179.0,7945,No,Attchd,1Story,BrkFace,Normal,2300.0,2.0,47,47,141000.0
9,1752,2.0,576.0,1752.0,1752,2005,2005,Ex,Ex,Ex,RFn,0,2,6,2005.0,1,412.0,456.0,7658,No,Attchd,1Story,MetalSd,Normal,3504.0,3.0,5,5,319900.0
7,2149,2.0,670.0,1434.0,1518,2003,2003,Gd,Gd,Ex,RFn,631,1,6,2003.0,1,0.0,1351.0,12822,No,Attchd,1.5Fin,VinylSd,Abnorml,3583.0,2.5,6,6,239686.0
8,1656,3.0,826.0,1656.0,1656,2006,2006,Gd,Gd,Gd,RFn,0,2,7,2006.0,0,0.0,24.0,11096,Av,Attchd,1Story,VinylSd,Normal,3312.0,2.0,1,1,249700.0
4,1452,0.0,0.0,736.0,736,1920,2008,TA,TA,TA,,716,2,8,,0,0.0,0.0,4456,No,,2Story,MetalSd,Partial,2188.0,2.0,89,1,113000.0
5,955,1.0,386.0,955.0,955,1966,1966,TA,TA,TA,Unf,0,1,6,1966.0,0,0.0,763.0,7742,No,Attchd,1Story,HdBoard,Normal,1910.0,2.0,41,41,127000.0
6,1470,2.0,388.0,794.0,794,1997,1997,TA,TA,Gd,Fin,676,2,6,1997.0,0,0.0,182.0,13869,Av,Attchd,2Story,VinylSd,Normal,2264.0,2.5,10,10,177000.0
6,1176,2.0,528.0,816.0,816,1934,1950,TA,TA,TA,Unf,0,1,6,1985.0,1,0.0,0.0,6240,No,Detchd,1.5Fin,Wd Sdng,Normal,1632.0,1.0,72,56,114500.0
5,816,2.0,516.0,816.0,816,1963,1963,TA,Fa,Gd,Unf,0,1,5,1963.0,0,0.0,104.0,8472,Gd,CarPort,1Story,Wd Sdng,Normal,1632.0,2.0,47,47,110000.0
9,1842,3.0,894.0,1842.0,1842,1981,1987,Gd,Gd,Ex,Fin,0,0,5,1981.0,1,0.0,1810.0,50271,Gd,Attchd,1Story,WdShing,Normal,3684.0,2.5,25,19,385000.0
5,1360,2.0,572.0,384.0,1360,1955,1955,TA,TA,TA,Unf,0,1,6,1962.0,1,0.0,384.0,7134,No,Detchd,SLvl,MetalSd,Normal,1744.0,1.0,52,52,130000.0
6,1425,2.0,576.0,1425.0,1425,1964,1964,TA,TA,TA,RFn,0,2,7,1964.0,1,272.0,490.0,10175,No,Attchd,1Story,HdBoard,Normal,2850.0,2.0,44,44,180500.0
8,1739,2.0,480.0,970.0,983,1999,2000,Gd,Gd,Gd,Fin,756,2,7,1999.0,0,456.0,649.0,2645,No,Attchd,2Story,MetalSd,Abnorml,2709.0,3.5,10,9,172500.0
7,1720,2.0,565.0,860.0,860,2004,2004,Gd,Gd,Gd,RFn,860,2,7,2004.0,0,0.0,0.0,11645,No,Attchd,2Story,VinylSd,Normal,2580.0,2.5,2,2,196500.0
10,2945,3.0,641.0,1410.0,1426,2006,2006,Gd,Ex,Ex,Fin,1519,3,10,2006.0,1,1031.0,0.0,13682,Gd,BuiltIn,2Story,VinylSd,Partial,4355.0,3.5,0,0,438780.0
5,780,1.0,352.0,780.0,780,1972,1972,TA,TA,TA,Unf,0,1,4,1973.0,0,0.0,632.0,7200,Av,Detchd,1Story,HdBoard,Normal,1560.0,1.0,36,36,124900.0
6,1158,2.0,576.0,1158.0,1158,2004,2004,Gd,TA,Gd,Unf,0,1,5,2006.0,0,0.0,941.0,13072,No,Detchd,1Story,VinylSd,Partial,2316.0,2.5,2,2,158000.0
5,1111,1.0,288.0,530.0,581,1920,1996,Fa,TA,TA,Unf,530,1,6,1935.0,0,0.0,0.0,7200,No,Detchd,2.5Unf,MetalSd,Normal,1641.0,1.0,87,11,101000.0
8,1370,2.0,484.0,1370.0,1370,2006,2006,Gd,Gd,Gd,RFn,0,2,6,2006.0,1,178.0,24.0,6442,Mn,Attchd,1Story,VinylSd,Normal,2740.0,2.0,1,1,202500.0
7,1710,2.0,480.0,576.0,902,1921,1950,TA,TA,TA,Unf,808,2,9,1990.0,0,0.0,0.0,10300,No,Detchd,2Story,Stucco,Normal,2286.0,2.0,89,60,140000.0
7,2034,2.0,645.0,1057.0,1057,1997,1998,Gd,TA,Gd,RFn,977,2,8,1998.0,0,573.0,739.0,9375,No,Attchd,2Story,VinylSd,Normal,3091.0,3.5,12,11,219500.0
8,2473,3.0,852.0,1143.0,1143,2004,2005,Gd,Gd,Ex,RFn,1330,2,9,2004.0,1,344.0,0.0,9591,Av,BuiltIn,2Story,VinylSd,Normal,3616.0,2.5,3,2,317000.0
7,2207,2.0,576.0,1947.0,2207,1970,1989,TA,TA,Gd,RFn,0,2,7,1970.0,1,287.0,912.0,19900,Gd,Attchd,1Story,Plywood,Normal,4154.0,3.0,40,21,180000.0
7,1479,2.0,558.0,1453.0,1479,2003,2003,Gd,Gd,Gd,RFn,0,2,7,2003.0,0,167.0,1013.0,10665,Av,Attchd,1Story,VinylSd,Normal,2932.0,3.0,4,4,226000.0
4,747,1.0,220.0,747.0,747,1945,1950,TA,TA,TA,Unf,0,1,4,1945.0,0,0.0,0.0,4608,No,Attchd,1Story,MetalSd,Normal,1494.0,1.0,65,60,80000.0
7,2287,2.0,667.0,1304.0,1304,1953,1953,TA,Gd,TA,Fin,983,2,7,1953.0,1,0.0,603.0,15593,No,Attchd,1.5Fin,BrkFace,Normal,3591.0,2.0,53,53,225000.0
7,2223,2.0,516.0,2223.0,2223,1973,1973,TA,TA,Gd,Fin,0,2,8,1973.0,2,1115.0,1880.0,13651,Gd,Attchd,1Story,Plywood,Normal,4446.0,3.0,34,34,244000.0
4,845,2.0,360.0,845.0,845,1982,2006,TA,TA,TA,Unf,0,1,4,1987.0,0,0.0,565.0,7599,No,Detchd,1Story,HdBoard,Normal,1690.0,2.0,25,1,129500.0
7,1718,2.0,427.0,832.0,885,1998,1998,TA,TA,Gd,Fin,833,2,7,1998.0,1,40.0,0.0,10141,No,Attchd,2Story,VinylSd,Normal,2550.0,2.5,11,11,185000.0
5,1086,2.0,490.0,1086.0,1086,1954,2003,TA,TA,TA,Unf,0,1,6,1989.0,0,104.0,320.0,10200,No,Attchd,1Story,Wd Sdng,Normal,2172.0,2.0,56,7,144900.0
3,1605,1.0,379.0,840.0,840,1915,1950,TA,Gd,Fa,Unf,765,2,8,1915.0,0,0.0,0.0,5790,No,Detchd,2Story,VinylSd,Normal,2445.0,2.0,95,60,107400.0
4,988,1.0,297.0,462.0,526,1973,1973,TA,TA,Gd,Unf,462,1,5,1973.0,0,0.0,462.0,1596,Gd,BuiltIn,SLvl,CemntBd,Normal,1450.0,2.0,36,36,91000.0
4,952,1.0,283.0,952.0,952,1956,1956,TA,TA,TA,Unf,0,1,4,1956.0,0,0.0,228.0,8475,No,Detchd,1Story,VinylSd,Normal,1904.0,1.0,52,52,135750.0
5,1285,1.0,240.0,672.0,1072,1948,2001,TA,TA,TA,Unf,213,1,6,1948.0,0,0.0,336.0,8635,No,Detchd,1.5Fin,Wd Sdng,Normal,1957.0,2.0,60,7,127000.0
4,1768,0.0,0.0,1768.0,1768,1968,1968,TA,TA,TA,,0,2,8,,0,0.0,0.0,10778,No,,1Story,HdBoard,Normal,3536.0,2.0,42,42,136500.0
5,1230,2.0,440.0,440.0,682,1910,1981,TA,TA,TA,Unf,548,1,5,1966.0,0,0.0,0.0,10440,No,Detchd,2Story,Wd Sdng,Normal,1670.0,1.5,99,28,110000.0
6,2142,1.0,509.0,896.0,1182,1968,1968,Gd,TA,Gd,Fin,960,2,8,1968.0,1,576.0,448.0,13000,No,Attchd,2Story,VinylSd,Normal,3038.0,2.5,41,41,193500.0
6,1337,2.0,405.0,1237.0,1337,1998,1998,TA,TA,Ex,Fin,0,2,5,1998.0,0,443.0,1201.0,4500,No,Attchd,1Story,VinylSd,Normal,2574.0,3.0,8,8,153500.0
8,1563,3.0,758.0,1563.0,1563,2007,2007,Gd,TA,Gd,RFn,0,2,6,2007.0,1,468.0,33.0,10206,No,Attchd,1Story,VinylSd,Normal,3126.0,2.0,1,1,245000.0
5,1065,2.0,461.0,1065.0,1065,1960,1960,TA,TA,TA,Unf,0,1,6,1974.0,0,66.0,0.0,8892,No,Detchd,1Story,MetalSd,Normal,2130.0,1.5,47,47,126500.0
7,1474,2.0,400.0,384.0,804,1995,1996,TA,TA,Gd,Fin,670,2,7,1995.0,1,22.0,0.0,8530,No,BuiltIn,SLvl,HdBoard,Normal,1858.0,2.5,14,13,168500.0
8,2417,2.0,462.0,1288.0,1301,1991,1992,Gd,Gd,Gd,Unf,1116,2,9,1991.0,1,284.0,0.0,16059,No,Attchd,2Story,HdBoard,Normal,3705.0,2.5,15,14,260000.0
6,1560,2.0,400.0,684.0,684,2005,2005,Gd,Gd,Gd,Fin,876,2,6,2005.0,1,0.0,0.0,11911,Av,BuiltIn,2Story,VinylSd,Normal,2244.0,2.5,4,4,174000.0
6,1224,2.0,528.0,612.0,612,2009,2009,Gd,Gd,Gd,RFn,612,2,4,2009.0,0,76.0,0.0,3951,Av,Detchd,2Story,VinylSd,Partial,1836.0,2.5,0,0,164500.0
3,1526,0.0,0.0,1013.0,1013,1915,1982,Fa,Fa,TA,,0,1,6,,0,0.0,0.0,8470,No,,1.5Fin,Plywood,Abnorml,2026.0,1.0,94,27,85000.0
4,990,0.0,0.0,990.0,990,1994,1995,TA,TA,Gd,,0,1,5,,0,0.0,588.0,8070,No,,1Story,VinylSd,Normal,1980.0,2.0,13,12,123600.0
4,1040,2.0,420.0,0.0,1040,1950,1950,TA,TA,,Unf,0,1,4,1950.0,0,0.0,0.0,7200,,Detchd,1Story,BrkFace,Normal,1040.0,1.0,56,56,109900.0
5,1235,2.0,480.0,1235.0,1235,1961,1961,TA,TA,TA,Unf,0,1,6,1961.0,0,203.0,600.0,8500,No,Attchd,1Story,HdBoard,Abnorml,2470.0,1.0,45,45,98600.0
5,964,2.0,432.0,876.0,964,1921,2006,TA,TA,Gd,Unf,0,1,5,1921.0,0,0.0,713.0,13360,No,Detchd,1Story,Wd Sdng,Normal,1840.0,2.0,88,3,163500.0
6,2291,2.0,506.0,1214.0,1260,1910,1998,TA,TA,TA,Unf,1031,2,9,1900.0,1,0.0,1046.0,7200,Mn,Detchd,2.5Unf,MetalSd,Normal,3505.0,2.5,97,9,133900.0
6,1786,2.0,684.0,824.0,905,1997,1997,Gd,TA,Gd,RFn,881,2,7,1997.0,0,0.0,648.0,9337,No,Attchd,2Story,VinylSd,Normal,2610.0,3.5,10,10,204750.0
6,1470,2.0,420.0,680.0,680,1993,1993,TA,Ex,Gd,Fin,790,2,6,1993.0,1,68.0,310.0,9765,No,BuiltIn,2Story,VinylSd,Normal,2150.0,2.5,16,16,185000.0
7,1588,2.0,472.0,1588.0,1588,1999,1999,Gd,Gd,Gd,RFn,0,2,6,1999.0,0,183.0,1162.0,10264,Av,Attchd,1Story,VinylSd,Normal,3176.0,2.0,7,7,214000.0
4,960,1.0,432.0,960.0,960,1965,1965,TA,TA,TA,Fin,0,1,6,1965.0,0,48.0,520.0,10921,No,Attchd,1Story,HdBoard,Normal,1920.0,2.0,42,42,94750.0
5,835,1.0,366.0,458.0,835,1920,1950,TA,TA,TA,Unf,0,1,5,1920.0,0,0.0,108.0,10625,No,Basment,1Story,Wd Sdng,Abnorml,1293.0,1.0,90,60,83000.0
4,1225,0.0,0.0,950.0,1225,1959,1959,TA,TA,TA,,0,1,6,,0,0.0,569.0,9320,No,,1Story,Plywood,Normal,2175.0,2.5,51,51,128950.0
6,1610,2.0,480.0,1610.0,1610,1977,2001,Gd,TA,TA,RFn,0,2,6,1977.0,2,28.0,1200.0,10603,Mn,Attchd,1Story,Plywood,Normal,3220.0,3.0,33,9,205000.0
6,1732,2.0,476.0,741.0,977,1985,1985,Gd,Gd,Gd,Fin,755,2,7,1985.0,1,336.0,0.0,9206,No,Attchd,2Story,HdBoard,Normal,2473.0,2.5,25,25,178000.0
5,1535,2.0,410.0,0.0,1535,1979,1979,TA,TA,,Unf,0,2,8,1979.0,0,0.0,0.0,7018,,Attchd,1Story,HdBoard,Alloca,1535.0,2.0,30,30,118964.0
7,1226,3.0,740.0,1226.0,1226,2009,2009,Gd,TA,Gd,RFn,0,2,6,2009.0,0,0.0,0.0,10402,No,Attchd,1Story,VinylSd,Normal,2452.0,2.0,1,1,198900.0
7,1818,1.0,240.0,1040.0,1226,1931,1950,TA,TA,TA,Unf,592,1,7,1951.0,2,600.0,224.0,7758,No,Detchd,1.5Fin,Stucco,Normal,2858.0,1.5,76,57,169500.0
8,1992,2.0,648.0,1053.0,1053,2003,2004,Gd,Gd,Ex,RFn,939,2,9,2003.0,1,768.0,0.0,9375,No,Attchd,2Story,VinylSd,Normal,3045.0,2.5,5,4,250000.0
4,1047,1.0,273.0,641.0,1047,1885,1995,TA,TA,Fa,Unf,0,1,6,1954.0,0,0.0,0.0,10800,No,Detchd,1Story,VinylSd,Normal,1688.0,1.0,122,12,100000.0
5,789,1.0,250.0,789.0,789,1948,1950,TA,TA,TA,Unf,0,1,5,1948.0,0,0.0,104.0,6000,No,Detchd,1Story,VinylSd,Partial,1578.0,1.0,60,58,115000.0
5,1517,0.0,0.0,793.0,997,1919,2005,Fa,TA,TA,,520,2,7,,0,0.0,0.0,8500,No,,1.5Fin,CemntBd,Normal,2310.0,2.0,88,2,115000.0
6,1844,2.0,546.0,1844.0,1844,1977,1977,TA,TA,Gd,RFn,0,2,7,1977.0,1,480.0,705.0,11751,No,Attchd,1Story,Plywood,Normal,3688.0,2.0,33,33,190000.0
6,1855,1.0,325.0,994.0,1216,1954,1972,TA,TA,TA,Unf,639,2,7,1954.0,0,0.0,444.0,9525,No,Attchd,1.5Fin,Wd Sdng,Normal,2849.0,2.0,52,34,136900.0
7,1430,2.0,400.0,384.0,774,2000,2000,TA,TA,Gd,Fin,656,2,7,2000.0,1,0.0,250.0,7750,No,BuiltIn,SLvl,VinylSd,Normal,1814.0,2.5,10,10,180000.0
7,2696,3.0,792.0,1264.0,1282,2007,2007,Ex,Gd,Ex,Fin,1414,2,10,2007.0,1,220.0,984.0,9965,Av,BuiltIn,2Story,VinylSd,Partial,3960.0,3.5,0,0,383970.0
6,2259,2.0,450.0,1809.0,2259,1953,1953,Gd,TA,Gd,Unf,0,2,7,1953.0,2,184.0,35.0,21000,Mn,Basment,1Story,Wd Sdng,Abnorml,4068.0,3.0,54,54,217000.0
6,2320,1.0,180.0,1028.0,1436,1945,2002,Gd,TA,TA,Unf,884,2,9,1945.0,1,0.0,774.0,7259,No,Detchd,2Story,Wd Sdng,Normal,3348.0,3.5,62,5,259500.0
6,1458,2.0,440.0,729.0,729,1999,1999,TA,TA,Gd,Unf,729,2,5,1999.0,1,1129.0,419.0,3230,No,Detchd,2Story,MetalSd,Normal,2187.0,2.5,8,8,176000.0
5,1092,1.0,288.0,1092.0,1092,1962,1962,TA,TA,TA,Unf,0,1,6,1962.0,1,116.0,170.0,11616,No,Attchd,1Story,Wd Sdng,Normal,2184.0,1.5,47,47,139000.0
5,1125,2.0,430.0,1125.0,1125,2006,2007,TA,TA,Gd,Unf,0,1,5,2007.0,0,0.0,0.0,8536,No,Attchd,1Story,VinylSd,Partial,2250.0,1.5,1,0,155000.0
7,3222,3.0,594.0,1673.0,1699,1990,1990,Gd,TA,Gd,Unf,1523,3,11,1990.0,2,0.0,1470.0,12376,Mn,Attchd,2Story,Plywood,Normal,4895.0,4.0,20,20,320000.0
6,1456,2.0,390.0,728.0,728,2005,2006,Gd,Gd,Gd,Fin,728,2,8,2005.0,1,0.0,0.0,8461,No,Attchd,2Story,VinylSd,Partial,2184.0,2.5,1,0,163990.0
6,988,2.0,540.0,938.0,988,1969,1969,TA,TA,TA,Unf,0,1,4,1969.0,2,0.0,938.0,21453,Gd,Attchd,SLvl,Plywood,Normal,1926.0,2.0,37,37,180000.0
4,1123,1.0,264.0,732.0,772,1939,1950,TA,TA,TA,Unf,351,1,4,1979.0,0,0.0,0.0,6060,No,Detchd,1.5Fin,AsbShng,Normal,1855.0,1.0,68,57,100000.0
6,1080,1.0,288.0,1080.0,1080,1958,1958,TA,TA,TA,Unf,0,1,5,1958.0,0,135.0,570.0,9464,No,Attchd,1Story,MetalSd,Normal,2160.0,1.0,50,50,136000.0
6,1199,2.0,530.0,1199.0,1199,1993,1993,Gd,Gd,Gd,RFn,0,2,5,1993.0,0,0.0,300.0,7892,No,Attchd,1Story,Plywood,Normal,2398.0,2.0,15,15,153900.0
6,1586,2.0,435.0,1362.0,1586,1979,1998,TA,TA,Gd,Unf,0,2,7,1979.0,1,0.0,0.0,17043,No,Attchd,1Story,HdBoard,Normal,2948.0,2.0,30,11,181000.0
6,754,0.0,0.0,520.0,520,1935,1982,TA,TA,TA,,0,1,5,,0,0.0,490.0,6780,Av,,1.5Fin,Wd Sdng,Normal,1040.0,2.0,71,24,84500.0
6,958,2.0,440.0,1078.0,958,1976,1976,TA,TA,Gd,RFn,0,2,5,1977.0,1,0.0,120.0,4928,No,Attchd,1Story,Plywood,Normal,2036.0,2.0,31,31,128000.0
5,840,0.0,0.0,672.0,840,1930,1950,TA,TA,TA,,0,1,5,,1,0.0,116.0,4388,No,,1.5Unf,WdShing,Normal,1512.0,1.0,77,57,87000.0
6,1348,2.0,453.0,660.0,660,1966,1966,TA,TA,TA,RFn,688,1,6,1966.0,1,266.0,512.0,7590,No,Attchd,2Story,VinylSd,Normal,2008.0,1.5,40,40,155000.0
5,1053,2.0,750.0,1008.0,1053,1958,1991,Ex,TA,TA,RFn,0,1,6,1998.0,0,85.0,567.0,8973,No,2Types,1Story,Plywood,Abnorml,2061.0,2.0,48,15,150000.0
7,2157,2.0,487.0,924.0,1216,1966,1966,Gd,TA,TA,Fin,941,2,8,1966.0,2,309.0,445.0,14200,No,Attchd,2Story,MetalSd,Normal,3081.0,2.5,40,40,226000.0
6,2054,2.0,390.0,992.0,1022,2000,2000,Gd,Gd,Gd,RFn,1032,2,7,2000.0,1,40.0,695.0,12224,No,BuiltIn,2Story,VinylSd,Normal,3046.0,3.5,9,9,244000.0
5,1327,2.0,624.0,1063.0,1327,1959,2002,Gd,TA,TA,Unf,0,1,7,1974.0,0,0.0,405.0,7388,No,Detchd,1Story,MetalSd,Normal,2390.0,2.0,48,5,150750.0
8,1296,2.0,471.0,1267.0,1296,2001,2002,Gd,Gd,Ex,Fin,0,2,6,2001.0,0,136.0,1005.0,6853,No,Attchd,1Story,VinylSd,Normal,2563.0,3.0,8,7,220000.0
5,1721,2.0,440.0,1461.0,1721,1968,1993,TA,TA,TA,RFn,0,2,7,1968.0,1,0.0,570.0,10335,No,Attchd,1Story,Plywood,Normal,3182.0,2.5,38,13,180000.0
7,1682,2.0,530.0,1304.0,1682,1970,1970,TA,TA,TA,Unf,0,2,7,1970.0,1,288.0,0.0,10400,No,Attchd,1Story,Plywood,Normal,2986.0,2.0,38,38,174000.0
5,1214,1.0,318.0,1214.0,1214,1967,1967,TA,TA,TA,RFn,0,2,5,1967.0,1,196.0,695.0,10355,No,Attchd,1Story,MetalSd,Normal,2428.0,2.0,40,40,143000.0
7,1959,3.0,766.0,1907.0,1959,1988,1989,TA,TA,TA,Unf,0,3,9,1989.0,0,70.0,0.0,11070,No,2Types,1Story,VinylSd,Family,3866.0,3.0,18,17,171000.0
8,1852,3.0,660.0,1004.0,1004,1999,2000,Gd,Gd,Gd,Fin,848,2,7,1999.0,2,320.0,668.0,9066,Mn,Attchd,2Story,VinylSd,Normal,2856.0,2.5,9,8,230000.0
6,1764,2.0,470.0,928.0,928,1997,1997,Gd,TA,Gd,RFn,836,2,7,1997.0,0,0.0,821.0,15426,No,Attchd,2Story,VinylSd,Normal,2692.0,3.5,12,12,231500.0
4,864,0.0,0.0,864.0,864,1971,1971,TA,TA,TA,,0,1,5,,1,0.0,432.0,10500,No,,1Story,HdBoard,Normal,1728.0,1.0,39,39,115000.0
7,1734,2.0,660.0,1734.0,1734,2005,2005,Gd,Gd,Gd,Fin,0,2,7,2005.0,0,0.0,1300.0,11645,Av,Attchd,1Story,VinylSd,Normal,3468.0,3.0,1,1,260000.0
5,1385,2.0,720.0,910.0,910,1952,1952,TA,TA,TA,Unf,475,2,6,2000.0,0,0.0,507.0,8520,No,Detchd,1.5Fin,BrkFace,Normal,2295.0,2.0,58,58,166000.0
7,1501,2.0,577.0,1490.0,1501,1999,1999,Gd,Gd,Gd,RFn,0,2,6,1999.0,0,183.0,679.0,10335,Gd,Attchd,1Story,VinylSd,Normal,2991.0,3.0,10,10,204000.0
5,1728,2.0,504.0,1728.0,1728,1963,1963,TA,TA,TA,Unf,0,2,10,1963.0,0,336.0,1332.0,9100,No,Detchd,1Story,HdBoard,Abnorml,3456.0,3.0,43,43,125000.0
6,1709,2.0,380.0,970.0,970,2004,2006,Gd,Gd,Gd,Unf,739,2,7,2004.0,0,50.0,0.0,2522,No,Detchd,2Story,VinylSd,Normal,2679.0,2.0,2,0,130000.0
5,875,1.0,180.0,715.0,875,1931,1993,TA,TA,TA,Unf,0,1,5,1931.0,0,0.0,209.0,6120,No,Detchd,1Story,Wd Sdng,Normal,1590.0,2.0,78,16,105000.0
7,2035,2.0,434.0,884.0,884,2001,2001,Gd,Gd,Gd,Fin,1151,2,8,2001.0,1,180.0,0.0,9505,No,BuiltIn,2Story,VinylSd,Normal,2919.0,2.5,9,9,222500.0
7,1080,0.0,0.0,1080.0,1080,2004,2005,Gd,TA,Gd,,0,1,6,,0,120.0,680.0,7500,No,,1Story,VinylSd,Normal,2160.0,2.0,4,3,141000.0
5,1344,1.0,240.0,896.0,896,1936,1950,TA,TA,Gd,Unf,448,1,7,1936.0,0,0.0,0.0,6240,No,Detchd,1.5Fin,MetalSd,Normal,2240.0,1.0,70,56,115000.0
5,969,2.0,440.0,969.0,969,1975,1975,TA,TA,TA,Unf,0,1,5,1975.0,0,0.0,716.0,10356,Av,Attchd,1Story,HdBoard,Normal,1938.0,1.5,32,32,122000.0
8,1710,3.0,866.0,1710.0,1710,2007,2008,Gd,Gd,Ex,RFn,0,2,6,2007.0,1,436.0,1400.0,13891,Gd,Attchd,1Story,VinylSd,Partial,3420.0,3.0,1,0,372402.0
6,1993,2.0,495.0,825.0,1097,1971,1971,TA,TA,TA,RFn,896,2,8,1971.0,1,252.0,416.0,14803,No,Attchd,2Story,HdBoard,Normal,2818.0,2.5,35,35,190000.0
6,1252,2.0,564.0,1602.0,1252,1960,1975,TA,TA,Gd,RFn,0,1,4,1960.0,1,0.0,429.0,13500,Gd,Attchd,1Story,BrkFace,Normal,2854.0,2.0,48,33,235000.0
6,1200,1.0,312.0,1200.0,1200,1923,1950,TA,TA,TA,Unf,0,1,7,1923.0,0,0.0,0.0,11340,No,Detchd,1Story,Wd Sdng,Family,2400.0,1.0,83,56,125000.0
6,1096,0.0,0.0,572.0,572,1924,1950,TA,TA,TA,,524,1,5,,0,0.0,0.0,9600,No,,1.5Fin,Wd Sdng,Normal,1668.0,1.0,84,58,79000.0
5,1040,2.0,625.0,0.0,1040,1950,1950,TA,TA,,Unf,0,1,5,1950.0,0,0.0,0.0,7200,,Detchd,1Story,Wd Sdng,Normal,1040.0,1.0,56,56,109500.0
8,1968,3.0,680.0,774.0,774,2009,2010,Ex,Gd,Ex,Fin,1194,2,8,2009.0,1,84.0,0.0,12003,No,BuiltIn,2Story,VinylSd,Partial,2742.0,2.5,1,0,269500.0
7,1947,2.0,678.0,991.0,991,2004,2005,Gd,Gd,Gd,RFn,956,2,8,2004.0,1,0.0,222.0,12552,No,Attchd,2Story,VinylSd,Normal,2938.0,2.5,6,5,254900.0
7,2462,2.0,576.0,1392.0,1392,2005,2006,Gd,Gd,Gd,RFn,1070,2,9,2006.0,1,456.0,57.0,19378,Mn,Attchd,2Story,VinylSd,Partial,3854.0,3.5,1,0,320000.0
6,1232,2.0,516.0,1232.0,1232,1984,1984,TA,TA,Gd,Unf,0,2,6,1984.0,0,0.0,660.0,11120,No,Attchd,1Story,Plywood,Normal,2464.0,2.0,24,24,162500.0
9,2668,3.0,726.0,1572.0,1572,2003,2004,Ex,Gd,Ex,Fin,1096,2,10,2003.0,2,664.0,1016.0,13688,Av,BuiltIn,2Story,VinylSd,Normal,4240.0,3.5,5,4,412500.0
7,1541,2.0,532.0,1541.0,1541,2005,2005,Gd,Gd,Gd,RFn,0,2,7,2005.0,1,226.0,1201.0,12182,Mn,Attchd,1Story,VinylSd,Partial,3082.0,2.0,5,5,220000.0
4,882,0.0,0.0,882.0,882,1956,1956,TA,TA,TA,,0,1,4,,0,0.0,0.0,5500,No,,1.5Unf,MetalSd,Normal,1764.0,1.0,51,51,103200.0
6,1616,1.0,216.0,1149.0,1149,1926,2004,Gd,TA,TA,Unf,467,2,5,1926.0,0,0.0,370.0,5400,Mn,Detchd,1Story,MetalSd,Normal,2765.0,2.0,81,3,152000.0
5,1355,0.0,0.0,644.0,808,1940,1999,TA,TA,TA,,547,2,6,,0,0.0,351.0,10106,No,,1.5Fin,Wd Sdng,Normal,1999.0,3.0,68,9,127500.0
5,1867,1.0,303.0,1617.0,1867,1955,1993,TA,Gd,TA,Fin,0,1,7,1955.0,3,0.0,379.0,10708,No,Attchd,1Story,Wd Sdng,Normal,3484.0,2.0,54,16,190000.0
8,2161,3.0,789.0,1582.0,1610,2007,2007,Ex,Gd,Ex,Fin,551,1,8,2007.0,1,300.0,1288.0,10562,No,Attchd,2Story,VinylSd,Partial,3743.0,2.5,0,0,325624.0
7,1720,2.0,440.0,840.0,840,2004,2004,Gd,Gd,Gd,Fin,880,2,7,2004.0,1,0.0,0.0,8244,No,Attchd,2Story,VinylSd,Normal,2560.0,2.5,3,3,183500.0
8,1707,2.0,511.0,1686.0,1707,1981,1981,TA,Gd,Gd,RFn,0,2,6,1981.0,1,653.0,0.0,16669,No,Attchd,1Story,Plywood,Normal,3393.0,2.5,25,25,228000.0
5,1382,2.0,660.0,720.0,854,1941,1950,TA,TA,TA,Unf,0,1,7,1991.0,0,0.0,360.0,12358,No,Detchd,1.5Fin,MetalSd,Normal,1574.0,1.5,66,57,128500.0
6,1656,2.0,528.0,1080.0,1656,1960,1960,TA,TA,TA,Fin,0,1,7,1960.0,2,112.0,639.0,31770,Gd,Attchd,1Story,BrkFace,Normal,2736.0,2.0,50,50,215000.0
7,1767,2.0,504.0,1064.0,1064,1987,1987,Gd,Gd,Gd,RFn,703,2,5,1987.0,1,0.0,495.0,5306,No,Attchd,2Story,HdBoard,Normal,2831.0,3.0,19,19,239000.0
6,1362,2.0,504.0,1362.0,1362,1961,1961,TA,TA,TA,Unf,0,1,6,1961.0,1,491.0,288.0,10197,No,Attchd,1Story,WdShing,Normal,2724.0,2.5,47,47,163000.0
6,1651,2.0,616.0,1606.0,1651,1986,1986,TA,TA,Gd,Fin,0,2,7,1986.0,1,132.0,1398.0,12416,No,Attchd,1Story,VinylSd,Normal,3257.0,3.0,22,22,184000.0
6,2158,2.0,576.0,1202.0,2158,1950,2001,Gd,TA,TA,Unf,0,2,7,1950.0,1,0.0,477.0,12615,Av,Attchd,1Story,WdShing,Normal,3360.0,3.0,57,6,243000.0
6,2060,2.0,521.0,1151.0,1164,1988,1989,TA,Gd,Gd,Unf,896,2,8,1988.0,1,268.0,831.0,10029,No,Attchd,2Story,Plywood,Normal,3211.0,3.0,19,18,211000.0
5,1920,2.0,451.0,1052.0,1252,1958,1958,Gd,Gd,TA,Unf,668,2,8,1958.0,1,0.0,57.0,13650,No,Attchd,1.5Fin,MetalSd,Normal,2972.0,3.0,48,48,172500.0
9,2234,3.0,1166.0,2216.0,2234,2008,2009,Ex,Ex,Ex,Fin,0,2,9,2009.0,1,748.0,1904.0,17423,No,Attchd,1Story,VinylSd,Partial,4450.0,3.0,1,0,501837.0
5,968,2.0,480.0,968.0,968,1923,2006,TA,Gd,TA,Unf,0,1,5,1935.0,0,0.0,0.0,8520,No,Detchd,1Story,Wd Sdng,Normal,1936.0,1.0,84,1,100000.0
6,1525,2.0,440.0,756.0,769,2000,2000,Gd,Gd,Gd,Unf,756,2,5,2000.0,1,456.0,436.0,2117,No,Detchd,2Story,MetalSd,Normal,2281.0,2.5,7,7,177000.0
7,1802,1.0,216.0,793.0,901,1920,1950,TA,TA,Fa,Unf,901,1,9,1920.0,1,0.0,352.0,7588,No,Detchd,2Story,Stucco,Normal,2595.0,1.5,86,56,200100.0
5,1340,1.0,252.0,0.0,1340,1957,2006,TA,TA,,RFn,0,1,7,1957.0,1,98.0,0.0,9060,,Attchd,1Story,Wd Sdng,Normal,1340.0,1.0,50,1,120000.0
7,2082,2.0,484.0,1362.0,1362,2003,2003,Gd,TA,Gd,Unf,720,2,6,2003.0,0,0.0,0.0,11426,No,Detchd,1.5Fin,VinylSd,Normal,3444.0,2.5,5,5,200000.0
5,1252,2.0,576.0,504.0,936,1908,1991,TA,TA,Fa,Unf,316,1,5,1986.0,0,0.0,0.0,7438,No,Attchd,1.5Fin,AsbShng,Normal,1756.0,1.0,98,15,127000.0
10,3608,3.0,840.0,1107.0,1518,1892,1993,Ex,Gd,TA,Unf,1518,2,12,1993.0,2,0.0,0.0,22950,Mn,Detchd,2.5Fin,Wd Sdng,Normal,4143.0,2.5,114,13,475000.0
7,1217,2.0,497.0,1188.0,1217,1990,1991,Gd,TA,Gd,Unf,0,2,6,1990.0,0,0.0,611.0,9947,Av,Attchd,SLvl,HdBoard,Normal,2405.0,3.0,19,18,173000.0
5,1656,1.0,180.0,660.0,808,1916,1987,TA,TA,Fa,Unf,704,2,8,1916.0,0,0.0,0.0,10410,No,Detchd,1.5Fin,HdBoard,Normal,2172.0,2.5,93,22,135000.0
5,1224,2.0,528.0,1086.0,1224,1979,1979,TA,TA,Gd,Unf,0,0,6,1979.0,2,275.0,1086.0,7018,Av,Detchd,SFoyer,Plywood,Alloca,2310.0,3.0,30,30,153337.0
8,1593,2.0,682.0,1593.0,1593,2001,2002,Ex,Gd,Ex,Fin,0,1,5,2001.0,1,0.0,1153.0,4923,Av,Attchd,1Story,CemntBd,Normal,3186.0,2.5,7,6,286000.0
8,2727,2.0,440.0,853.0,1549,1932,1994,Gd,Gd,Gd,Unf,1178,2,10,1932.0,2,0.0,297.0,10570,No,Detchd,2Story,BrkFace,Normal,3580.0,2.5,75,13,315000.0
7,1479,2.0,484.0,725.0,725,1972,2004,Gd,TA,TA,Fin,754,1,7,1972.0,0,138.0,626.0,7472,No,Attchd,2Story,HdBoard,Normal,2204.0,2.5,35,3,184000.0
7,1431,2.0,666.0,1431.0,1431,1999,1999,Gd,Gd,Gd,Fin,0,2,6,1999.0,0,0.0,560.0,9017,Av,Attchd,1Story,VinylSd,Normal,2862.0,3.0,10,10,192000.0
7,1709,2.0,380.0,970.0,970,2004,2004,Gd,Gd,Gd,Unf,739,2,7,2004.0,0,50.0,0.0,2522,No,Detchd,2Story,VinylSd,Normal,2679.0,2.0,2,2,130000.0
5,864,1.0,352.0,864.0,864,1972,1972,TA,TA,TA,Unf,0,1,5,1989.0,0,0.0,390.0,7180,Av,Detchd,1Story,HdBoard,Normal,1728.0,1.0,36,36,127000.0
6,1456,2.0,440.0,855.0,855,1976,1976,TA,TA,Gd,Unf,601,2,7,1976.0,1,0.0,566.0,2280,No,Attchd,2Story,Plywood,Normal,2311.0,2.5,33,33,148500.0
7,1726,3.0,786.0,1726.0,1726,2007,2007,Ex,Ex,Ex,Fin,0,2,8,2007.0,1,205.0,1126.0,9416,No,Attchd,1Story,CemntBd,Partial,3452.0,3.0,0,0,311872.0
8,3112,2.0,795.0,1360.0,1360,1918,1990,Gd,Gd,TA,Unf,1360,2,8,1918.0,1,0.0,1036.0,25419,No,Detchd,2Story,Stucco,Abnorml,4080.0,3.5,88,16,235000.0
6,2229,0.0,0.0,755.0,929,1912,1950,TA,TA,TA,,929,1,8,,0,0.0,0.0,5520,No,,2.5Fin,Wd Sdng,Abnorml,2613.0,1.0,97,59,104000.0
8,1713,3.0,856.0,1713.0,1713,2004,2005,Ex,Gd,Ex,Fin,0,2,7,2004.0,1,262.0,1088.0,9591,Av,Attchd,1Story,VinylSd,Normal,3426.0,3.0,5,4,274900.0
4,1121,2.0,440.0,1121.0,1121,2003,2004,TA,TA,Gd,RFn,0,2,5,2003.0,0,0.0,0.0,8546,No,Attchd,1Story,VinylSd,Normal,2242.0,2.0,7,6,140000.0
6,1279,2.0,473.0,1196.0,1279,1977,1977,TA,TA,TA,Unf,0,2,6,1980.0,2,0.0,641.0,10125,No,Detchd,1Story,Plywood,Normal,2475.0,2.5,31,31,171500.0
6,1310,1.0,398.0,617.0,865,1924,1950,TA,TA,Fa,Unf,445,2,6,1924.0,0,0.0,617.0,7000,No,Attchd,1.5Fin,MetalSd,Normal,1927.0,2.0,82,56,112000.0
6,848,2.0,420.0,848.0,848,2004,2004,Gd,Gd,Gd,RFn,0,1,3,2004.0,1,205.0,662.0,4438,Av,Attchd,1Story,VinylSd,Normal,1696.0,2.0,4,4,149000.0
5,1284,1.0,240.0,720.0,720,1947,1950,TA,TA,TA,Unf,564,1,5,1948.0,0,0.0,312.0,3500,No,Detchd,1.5Fin,AsbShng,Normal,2004.0,1.5,62,59,110000.0
7,1442,2.0,500.0,1424.0,1442,1990,1990,TA,TA,Gd,RFn,0,2,5,1990.0,0,0.0,0.0,11851,No,Attchd,1Story,HdBoard,Normal,2866.0,2.0,19,19,180500.0
5,1696,1.0,349.0,1140.0,1696,1962,1962,TA,TA,TA,RFn,0,1,8,1962.0,1,0.0,0.0,13673,No,Attchd,1Story,HdBoard,Normal,2836.0,1.5,45,45,143900.0
4,1100,1.0,312.0,1100.0,1100,1960,1960,TA,TA,TA,RFn,0,1,6,1960.0,1,0.0,419.0,12493,No,Attchd,1Story,Wd Sdng,Normal,2200.0,2.0,48,48,141000.0
7,2062,2.0,454.0,1157.0,1180,1988,1989,TA,Gd,Gd,Fin,882,2,7,1988.0,1,128.0,1065.0,14364,Gd,Attchd,2Story,Plywood,Normal,3219.0,3.5,19,18,277000.0
6,1092,2.0,504.0,1092.0,1092,1964,1964,TA,TA,Gd,RFn,0,1,6,1964.0,0,260.0,787.0,8250,No,Attchd,1Story,HdBoard,Normal,2184.0,2.0,44,44,145000.0
5,864,0.0,0.0,864.0,864,1925,1950,TA,TA,TA,,0,1,5,,0,0.0,468.0,5604,No,,1Story,Stucco,Normal,1728.0,2.0,83,58,98000.0
6,1212,2.0,460.0,1212.0,1212,2009,2009,Gd,TA,Gd,RFn,0,2,6,2009.0,0,0.0,36.0,10420,Mn,Attchd,1Story,VinylSd,Normal,2424.0,2.0,1,1,186000.0
7,1852,2.0,644.0,900.0,932,2009,2009,Gd,TA,Gd,RFn,920,2,7,2009.0,1,0.0,822.0,8640,No,Attchd,2Story,VinylSd,Partial,2752.0,3.5,0,0,252678.0
5,990,2.0,576.0,990.0,990,1995,1995,TA,TA,Gd,Unf,0,1,5,1996.0,0,0.0,716.0,13568,No,Attchd,1Story,VinylSd,Normal,1980.0,1.5,11,11,156000.0
6,1392,1.0,299.0,689.0,689,1977,1977,TA,TA,Gd,Fin,703,1,6,1977.0,0,153.0,378.0,10900,No,Attchd,2Story,HdBoard,Normal,2081.0,1.5,33,33,161750.0
5,1236,1.0,447.0,1070.0,1236,1957,1996,Gd,TA,TA,Unf,0,1,6,1957.0,1,64.0,360.0,10011,No,Attchd,1Story,HdBoard,Normal,2306.0,1.5,49,10,134450.0
7,1436,2.0,484.0,1436.0,1436,2004,2004,Gd,Gd,Gd,Unf,0,2,8,2004.0,0,266.0,946.0,8450,Mn,Attchd,1Story,VinylSd,Normal,2872.0,3.0,4,4,210000.0
4,1328,1.0,210.0,686.0,810,1925,1950,TA,TA,TA,Unf,518,1,8,1940.0,0,0.0,0.0,9906,No,Detchd,2Story,MetalSd,Family,2014.0,1.0,81,56,107000.0
7,1954,2.0,431.0,798.0,1137,1939,2006,Gd,Gd,TA,Unf,817,1,8,1939.0,2,312.0,341.0,15660,No,Attchd,1.5Fin,VinylSd,Normal,2752.0,2.0,69,2,311500.0
7,1248,2.0,438.0,1248.0,1248,2005,2006,Gd,Gd,Gd,Fin,0,2,5,2005.0,0,16.0,16.0,3010,Av,Attchd,1Story,VinylSd,Partial,2496.0,2.0,1,0,167240.0
7,1498,2.0,675.0,1498.0,1498,2006,2006,Gd,Gd,Gd,RFn,0,2,5,2006.0,0,0.0,0.0,8990,Mn,Attchd,1Story,VinylSd,Partial,2996.0,2.0,0,0,204900.0
6,2267,2.0,390.0,1010.0,1010,2002,2002,Gd,Gd,Gd,RFn,1257,2,8,2002.0,1,0.0,0.0,8068,No,BuiltIn,2Story,VinylSd,Normal,3277.0,2.5,7,7,200000.0
6,1552,2.0,434.0,713.0,811,1975,1975,TA,TA,Gd,RFn,741,2,6,1975.0,1,0.0,550.0,11475,No,Attchd,2Story,VinylSd,Normal,2265.0,3.5,31,31,179900.0
4,864,2.0,576.0,864.0,864,1971,1971,TA,TA,TA,Unf,0,1,4,1989.0,0,0.0,524.0,10500,No,Detchd,1Story,HdBoard,Abnorml,1728.0,1.0,38,38,97000.0
10,2392,3.0,968.0,2392.0,2392,2003,2003,Ex,Ex,Ex,Fin,0,2,8,2003.0,1,922.0,56.0,13472,Gd,Attchd,1Story,VinylSd,Normal,4784.0,2.0,6,6,386250.0
5,1302,1.0,280.0,630.0,630,1971,1971,TA,TA,TA,Unf,672,2,6,1991.0,0,142.0,0.0,1680,No,Detchd,2Story,HdBoard,Abnorml,1932.0,2.5,38,38,112000.0
7,2520,3.0,721.0,1203.0,1214,1995,1995,Gd,Gd,Gd,RFn,1306,2,9,1995.0,1,290.0,565.0,9950,No,Attchd,2Story,VinylSd,Abnorml,3723.0,2.5,12,12,290000.0
6,987,1.0,280.0,483.0,483,1970,1970,TA,TA,TA,Unf,504,1,5,1987.0,0,127.0,321.0,1869,No,Detchd,2Story,HdBoard,Normal,1470.0,1.5,38,38,106000.0
5,912,1.0,336.0,912.0,912,1967,1967,TA,TA,TA,Unf,0,1,5,1974.0,1,0.0,842.0,8521,No,Detchd,1Story,HdBoard,Normal,1824.0,1.0,43,43,125000.0
7,1555,2.0,430.0,1373.0,1555,2005,2006,Gd,Gd,Gd,Fin,0,2,7,2005.0,1,16.0,16.0,3182,Av,Attchd,1Story,VinylSd,Normal,2928.0,2.0,4,3,192500.0
6,1194,1.0,312.0,1194.0,1194,1959,1959,TA,TA,TA,RFn,0,1,6,1959.0,0,220.0,0.0,8760,No,Attchd,1Story,MetalSd,Normal,2388.0,2.0,51,51,148000.0
8,2794,3.0,810.0,1462.0,1490,1995,1996,Ex,Gd,Gd,Fin,1304,2,9,1995.0,1,506.0,689.0,15138,No,Attchd,2Story,VinylSd,Normal,4256.0,3.5,14,13,403000.0
6,987,1.0,288.0,483.0,483,1972,1972,TA,TA,TA,Unf,504,1,5,1972.0,1,297.0,0.0,1680,No,Attchd,2Story,HdBoard,Normal,1470.0,1.5,34,34,94500.0
5,894,1.0,308.0,894.0,894,1976,1976,TA,TA,TA,Unf,0,1,5,1976.0,0,0.0,182.0,10650,Av,Attchd,1Story,HdBoard,Normal,1788.0,2.0,34,34,128200.0
6,1960,2.0,440.0,860.0,860,2002,2002,Gd,Gd,Gd,Fin,1100,2,8,2002.0,2,0.0,625.0,7851,No,BuiltIn,2Story,VinylSd,Normal,2820.0,3.5,8,8,216500.0
6,987,1.0,264.0,483.0,483,1971,1971,TA,TA,TA,Unf,504,1,5,1971.0,0,604.0,358.0,1680,No,Detchd,2Story,HdBoard,Normal,1470.0,1.5,37,37,89500.0
7,1414,2.0,494.0,1414.0,1414,2004,2004,Gd,Gd,Gd,RFn,0,2,6,2004.0,0,98.0,24.0,8773,Av,Attchd,1Story,VinylSd,Normal,2828.0,2.0,6,6,185500.0
7,1744,2.0,457.0,996.0,1014,1993,2003,Gd,Gd,Gd,RFn,730,2,7,1993.0,0,0.0,402.0,9453,No,Attchd,2Story,HdBoard,Normal,2740.0,2.5,17,7,194500.0
8,1694,3.0,818.0,1694.0,1694,2007,2007,Gd,Ex,Ex,Fin,0,2,7,2007.0,0,254.0,0.0,12030,No,Attchd,1Story,VinylSd,Partial,3388.0,2.0,0,0,318000.0
6,1487,1.0,220.0,735.0,798,1945,1950,TA,TA,TA,Unf,689,1,7,1949.0,1,0.0,94.0,8741,No,Detchd,1.5Fin,VinylSd,Normal,2222.0,1.5,65,60,113000.0
8,1566,2.0,750.0,1566.0,1566,2008,2008,Gd,Gd,Gd,RFn,0,2,7,2008.0,0,36.0,1078.0,9000,Av,Attchd,1Story,VinylSd,Normal,3132.0,3.0,2,2,262500.0
5,866,0.0,0.0,686.0,866,1945,1997,Gd,TA,TA,,0,1,4,,0,0.0,329.0,3880,No,,1Story,VinylSd,Normal,1552.0,1.0,62,10,110500.0
5,1440,1.0,352.0,540.0,889,1900,1950,TA,TA,TA,Unf,551,1,6,1940.0,0,0.0,0.0,5000,No,Attchd,1.5Fin,Wd Sdng,Normal,1980.0,1.0,106,56,79000.0
6,1217,1.0,288.0,626.0,626,1980,1980,TA,TA,Gd,RFn,591,1,6,1980.0,1,0.0,0.0,10762,No,Attchd,2Story,Plywood,Normal,1843.0,1.5,29,29,120000.0
7,2110,2.0,463.0,948.0,1222,1994,2002,Gd,Gd,Gd,RFn,888,2,8,1994.0,2,0.0,695.0,8880,No,Attchd,2Story,VinylSd,Normal,3058.0,3.5,16,8,205000.0
7,1872,2.0,604.0,1845.0,1872,1988,1988,TA,TA,Gd,Fin,0,2,6,1988.0,1,102.0,929.0,10400,Av,Attchd,1Story,Wd Sdng,Normal,3717.0,2.5,18,18,241500.0
6,1928,1.0,440.0,1020.0,908,1910,1950,Fa,TA,Fa,Unf,1020,2,9,1910.0,0,0.0,0.0,9142,No,Detchd,2Story,AsbShng,Normal,2948.0,2.0,96,56,137000.0
6,1375,2.0,451.0,1367.0,1375,1954,1954,TA,TA,TA,Unf,0,1,5,1954.0,1,0.0,0.0,11310,No,Attchd,1Story,Wd Sdng,Normal,2742.0,1.0,52,52,140000.0
7,1668,2.0,500.0,840.0,840,2003,2003,Gd,Gd,Gd,RFn,828,2,8,2003.0,0,101.0,0.0,11317,No,Attchd,2Story,VinylSd,Normal,2508.0,2.5,4,4,180000.0
6,2144,2.0,389.0,1444.0,1444,1958,2006,Gd,Gd,Gd,Fin,700,2,7,1958.0,2,472.0,697.0,159000,Gd,Attchd,1.5Fin,Wd Sdng,Normal,3588.0,2.5,49,1,277000.0
3,1306,0.0,0.0,728.0,1306,1940,1966,Fa,TA,TA,,0,1,6,,0,0.0,0.0,5350,No,,1Story,Wd Sdng,Normal,2034.0,1.0,70,44,76500.0
8,1625,2.0,538.0,1573.0,1625,2006,2007,Gd,Gd,Gd,Fin,0,2,5,2006.0,1,481.0,1573.0,4750,Gd,Attchd,1Story,VinylSd,Family,3198.0,3.5,1,0,235000.0
6,1640,2.0,520.0,798.0,798,2004,2004,Gd,Gd,Gd,RFn,842,2,6,2004.0,0,0.0,0.0,8366,No,Attchd,2Story,VinylSd,Normal,2438.0,2.5,4,4,173000.0
6,1302,1.0,309.0,1302.0,1302,1964,1991,Gd,TA,Gd,RFn,0,2,7,1964.0,0,108.0,270.0,9350,Gd,Attchd,SLvl,HdBoard,Normal,2604.0,2.5,43,16,158000.0
5,1314,1.0,294.0,1314.0,1314,1957,1957,TA,TA,TA,RFn,0,1,5,1957.0,0,0.0,922.0,8400,No,Attchd,1Story,MetalSd,Normal,2628.0,2.0,53,53,145000.0
7,2291,2.0,429.0,975.0,1005,1999,1999,Gd,Gd,Gd,Fin,1286,2,8,1999.0,1,302.0,0.0,8738,No,BuiltIn,2Story,VinylSd,Normal,3266.0,2.5,7,7,230000.0
6,1728,2.0,673.0,864.0,864,2003,2003,Gd,Gd,Gd,RFn,864,2,7,2003.0,0,0.0,503.0,8791,No,Attchd,2Story,VinylSd,Normal,2592.0,2.5,5,5,207500.0
7,1604,2.0,660.0,1604.0,1604,2006,2006,Gd,Gd,Gd,RFn,0,2,8,2006.0,1,180.0,1334.0,8814,No,Attchd,1Story,VinylSd,Abnorml,3208.0,3.5,3,3,220000.0
7,1792,2.0,564.0,963.0,963,2001,2001,Gd,Gd,Gd,RFn,829,2,7,2001.0,1,172.0,361.0,12435,No,Attchd,2Story,VinylSd,Normal,2755.0,2.5,7,7,231500.0
5,882,1.0,308.0,0.0,882,1956,1956,TA,TA,,Unf,0,1,4,1956.0,0,0.0,0.0,12702,,Detchd,1Story,BrkFace,Normal,882.0,1.0,52,52,97000.0
6,1382,2.0,884.0,1362.0,1382,1962,1962,TA,TA,TA,Unf,0,1,6,1991.0,1,399.0,672.0,19296,Gd,Attchd,SLvl,Wd Sdng,Normal,2744.0,2.0,47,47,176000.0
8,2574,3.0,868.0,1482.0,1482,2007,2007,Ex,Gd,Ex,Fin,1092,2,10,2007.0,1,270.0,0.0,9588,No,BuiltIn,2Story,CemntBd,Partial,4056.0,2.5,0,0,276000.0
6,1212,2.0,492.0,506.0,1212,1977,1995,TA,TA,Gd,Unf,0,1,6,1978.0,1,46.0,506.0,8471,Av,Attchd,SLvl,HdBoard,Normal,1718.0,2.0,29,11,151000.0
5,1316,2.0,484.0,926.0,926,1929,2001,TA,TA,TA,Unf,0,1,6,1974.0,0,0.0,234.0,5500,No,Detchd,1.5Fin,Wd Sdng,Normal,1852.0,2.0,81,9,130000.0
5,764,2.0,504.0,680.0,764,1925,2004,TA,TA,Fa,Unf,0,1,4,1965.0,0,0.0,0.0,5232,No,Detchd,1Story,Wd Sdng,Normal,1444.0,1.0,83,4,73000.0
6,1422,2.0,576.0,1422.0,1422,1981,1981,Gd,TA,Gd,Fin,0,2,7,1981.0,1,210.0,588.0,12090,No,Attchd,1Story,MetalSd,Normal,2844.0,2.0,27,27,175500.0
6,1511,2.0,413.0,802.0,802,1997,1997,TA,TA,Gd,Fin,709,2,8,1997.0,1,0.0,714.0,11207,Av,Attchd,2Story,VinylSd,Normal,2313.0,3.5,9,9,185000.0
5,2192,1.0,240.0,720.0,1052,1939,1997,Gd,TA,TA,Unf,720,2,8,1939.0,1,0.0,378.0,8400,No,Detchd,2.5Fin,Wd Sdng,Normal,2492.0,2.5,69,11,179500.0
5,778,1.0,924.0,740.0,778,1940,1955,TA,TA,TA,Fin,0,1,4,1966.0,1,0.0,403.0,6900,No,Detchd,1Story,VinylSd,Normal,1518.0,1.0,68,53,120500.0
6,1113,1.0,504.0,1143.0,1113,1976,1976,TA,TA,TA,RFn,0,1,6,1987.0,1,174.0,751.0,7917,No,Attchd,1Story,HdBoard,Normal,2256.0,2.5,31,31,148000.0
8,1939,3.0,1053.0,1095.0,1095,2006,2006,Gd,Gd,Gd,RFn,844,2,8,2006.0,1,0.0,0.0,10728,Mn,Attchd,2Story,VinylSd,Partial,3034.0,2.5,0,0,266000.0
7,1363,2.0,439.0,1385.0,1363,1954,2005,TA,TA,Gd,Unf,0,1,5,1954.0,2,0.0,226.0,39104,Gd,Attchd,1Story,Plywood,Normal,2748.0,2.0,54,3,241500.0
8,2270,3.0,671.0,1152.0,1164,1999,2007,Gd,Gd,Gd,Fin,1106,2,9,1999.0,1,348.0,524.0,11764,No,Attchd,2Story,VinylSd,Normal,3422.0,2.5,11,3,290000.0
6,1632,1.0,338.0,1240.0,1632,1958,1988,TA,TA,TA,RFn,0,2,6,1958.0,1,183.0,620.0,9600,No,Attchd,1Story,Wd Sdng,Normal,2872.0,3.0,51,21,139000.0
5,816,1.0,264.0,816.0,816,1982,1982,TA,TA,TA,Unf,0,1,5,1982.0,0,0.0,546.0,8314,Gd,Attchd,1Story,HdBoard,Normal,1632.0,1.0,25,25,124500.0
7,1548,2.0,672.0,952.0,952,1925,2007,Ex,Gd,TA,Unf,596,2,5,1978.0,0,0.0,0.0,7264,No,Detchd,1.5Fin,Wd Sdng,Normal,2500.0,2.5,84,2,205000.0
7,1560,2.0,573.0,1560.0,1560,2003,2003,Gd,Gd,Ex,Fin,0,2,7,2003.0,0,0.0,0.0,9196,No,Attchd,1Story,VinylSd,Normal,3120.0,2.0,7,7,201000.0
4,864,2.0,400.0,864.0,864,1951,1951,TA,TA,TA,Unf,0,1,4,1951.0,0,0.0,120.0,19138,No,Detchd,1Story,VinylSd,Normal,1728.0,1.0,59,59,141000.0
9,2121,3.0,732.0,2121.0,2121,2006,2007,Ex,Ex,Ex,Fin,0,2,8,2007.0,1,315.0,0.0,14450,Gd,Attchd,1Story,CemntBd,Partial,4242.0,2.5,1,0,415298.0
7,2022,2.0,505.0,1160.0,1156,1977,1977,TA,TA,Gd,Fin,866,2,8,1977.0,1,299.0,392.0,10005,No,Attchd,2Story,Plywood,Normal,3182.0,2.5,31,31,192000.0
7,1982,2.0,575.0,807.0,1175,1989,1989,Gd,Gd,Gd,Fin,807,2,7,1989.0,1,340.0,421.0,11287,Av,Attchd,2Story,Plywood,Normal,2789.0,2.5,18,18,228500.0
6,1262,2.0,572.0,1262.0,1262,2006,2006,Gd,Gd,Gd,Fin,0,2,5,2006.0,0,68.0,905.0,7200,No,Attchd,1Story,VinylSd,Partial,2524.0,2.0,0,0,185000.0
7,1314,2.0,626.0,1314.0,1314,2007,2008,Gd,Gd,Gd,RFn,0,2,6,2008.0,1,166.0,904.0,5063,No,Attchd,1Story,VinylSd,Normal,2628.0,3.0,2,1,207500.0
8,1468,3.0,898.0,1468.0,1468,2008,2009,Gd,Gd,Gd,Fin,0,2,6,2008.0,1,72.0,0.0,9612,No,Attchd,1Story,VinylSd,Partial,2936.0,2.0,1,0,244600.0
6,1575,2.0,529.0,1575.0,1575,1992,1992,Gd,Gd,Gd,RFn,0,2,5,1992.0,0,0.0,430.0,8012,No,Attchd,1Story,Plywood,Normal,3150.0,3.0,15,15,179200.0
7,1250,2.0,528.0,625.0,625,2006,2007,Gd,Gd,Gd,RFn,625,2,5,2006.0,0,0.0,0.0,4251,No,Detchd,2Story,MetalSd,Partial,1875.0,2.5,1,0,164700.0
6,1734,2.0,440.0,912.0,1085,1962,1981,Gd,TA,TA,RFn,649,1,7,1962.0,1,0.0,600.0,9786,No,Attchd,1.5Fin,Wd Sdng,Normal,2646.0,1.5,44,25,159000.0
4,858,0.0,0.0,858.0,858,1971,1971,TA,TA,TA,,0,1,5,,0,0.0,614.0,8125,No,,1Story,HdBoard,Normal,1716.0,1.0,35,35,88000.0
5,900,1.0,280.0,882.0,900,1967,1967,TA,TA,TA,Unf,0,1,5,1970.0,0,31.0,450.0,9819,No,Detchd,1Story,MetalSd,Normal,1782.0,1.0,43,43,122000.0
6,1396,1.0,384.0,698.0,698,1915,2003,TA,TA,TA,Unf,698,1,7,2003.0,0,0.0,0.0,8730,No,Detchd,2Story,Wd Sdng,Normal,2094.0,1.0,92,4,153575.0
8,1919,2.0,685.0,1079.0,1079,2006,2006,Gd,Gd,Gd,RFn,840,2,8,2006.0,1,0.0,0.0,15611,Av,Attchd,2Story,VinylSd,Partial,2998.0,2.5,0,0,233230.0
5,1716,0.0,0.0,780.0,936,1912,2000,Fa,TA,TA,,780,2,9,,0,0.0,210.0,5687,No,,2Story,VinylSd,Normal,2496.0,3.0,96,8,135900.0
5,1716,1.0,281.0,768.0,1148,1949,2008,TA,TA,TA,Unf,568,1,8,1949.0,1,0.0,292.0,11409,No,Attchd,1.5Fin,Wd Sdng,Normal,2484.0,1.5,60,1,131000.0
7,2263,2.0,539.0,795.0,1468,1977,1994,Gd,TA,TA,Fin,795,2,9,1977.0,1,34.0,795.0,16659,No,Attchd,2Story,Plywood,Normal,3058.0,3.5,29,12,235000.0
6,1644,2.0,418.0,1416.0,1644,1953,1953,TA,TA,TA,Fin,0,1,7,1953.0,2,238.0,1285.0,9600,No,Attchd,1Story,HdBoard,Normal,3060.0,2.0,56,56,167000.0
6,1003,2.0,588.0,1003.0,1003,1984,1984,TA,TA,TA,Unf,0,1,6,1984.0,0,0.0,819.0,7937,Av,Detchd,SLvl,HdBoard,Normal,2006.0,2.0,22,22,142500.0
5,1558,1.0,282.0,910.0,910,1950,1950,TA,TA,TA,Unf,648,1,6,1950.0,0,0.0,420.0,13710,No,Attchd,1.5Fin,Wd Sdng,Normal,2468.0,1.5,57,57,152000.0
7,1950,2.0,576.0,975.0,975,1997,1998,Gd,Gd,Gd,RFn,975,2,7,1997.0,1,1600.0,649.0,7399,No,Detchd,2Story,VinylSd,Normal,2925.0,2.5,10,9,239000.0
6,1743,2.0,539.0,702.0,1041,1968,1968,TA,Gd,TA,Unf,702,1,7,1968.0,1,365.0,384.0,11700,No,Attchd,2Story,HdBoard,Normal,2445.0,2.5,39,39,175000.0
6,1152,1.0,300.0,1092.0,1152,1950,2004,Gd,TA,TA,Unf,0,1,6,1950.0,1,0.0,0.0,14000,No,Attchd,1Story,HdBoard,Family,2244.0,1.5,59,5,158500.0
5,1336,1.0,375.0,1165.0,1336,1953,1953,TA,TA,TA,Unf,0,1,5,1953.0,2,56.0,841.0,15750,Mn,Attchd,1Story,MetalSd,Normal,2501.0,2.0,53,53,157000.0
8,2452,2.0,683.0,1028.0,1210,1998,1999,Gd,Gd,Gd,Fin,1242,2,9,1998.0,1,0.0,281.0,16226,No,BuiltIn,2Story,VinylSd,Normal,3480.0,2.5,9,8,267000.0
7,1541,3.0,843.0,1541.0,1541,2001,2002,Gd,Gd,Gd,RFn,0,2,6,2001.0,1,150.0,0.0,13704,No,Attchd,1Story,VinylSd,Normal,3082.0,2.0,5,4,205000.0
5,894,2.0,552.0,894.0,894,1972,1972,TA,TA,TA,Unf,0,1,5,1975.0,0,0.0,894.0,9800,No,Attchd,1Story,VinylSd,Abnorml,1788.0,2.0,34,34,149900.0
7,3493,3.0,870.0,1470.0,1675,1880,2002,Gd,TA,TA,Unf,1818,3,10,2003.0,1,0.0,0.0,18386,No,Attchd,2.5Fin,CemntBd,Normal,4963.0,3.0,128,6,295000.0
8,2000,3.0,888.0,2000.0,2000,2004,2005,Gd,Gd,Gd,Fin,0,2,8,2004.0,0,246.0,1464.0,10386,No,Attchd,1Story,CemntBd,Normal,4000.0,3.0,3,2,305900.0
7,2243,3.0,746.0,700.0,1122,1990,1991,Gd,Gd,Gd,RFn,1121,2,8,1990.0,1,246.0,700.0,13474,No,Attchd,2Story,HdBoard,Normal,2943.0,3.5,17,16,225000.0
6,1406,0.0,0.0,319.0,1035,1920,1950,Fa,TA,TA,,371,1,6,,0,0.0,0.0,7920,No,,1.5Fin,MetalSd,Normal,1725.0,1.0,88,58,89500.0
4,861,2.0,539.0,861.0,861,1940,1950,TA,TA,TA,Unf,0,1,4,1961.0,0,0.0,262.0,12342,No,Detchd,1Story,VinylSd,Normal,1722.0,1.0,69,59,82500.0
9,1944,3.0,708.0,1896.0,1944,2003,2004,Ex,Gd,Ex,Fin,0,2,8,2003.0,3,0.0,1274.0,12378,Gd,Attchd,1Story,VinylSd,Normal,3840.0,3.0,3,2,360000.0
6,1501,2.0,420.0,697.0,697,1993,1994,Gd,TA,Gd,Fin,804,2,6,1993.0,1,112.0,518.0,7685,No,Attchd,2Story,HdBoard,Normal,2198.0,2.5,13,12,165600.0
6,972,1.0,240.0,972.0,972,1948,2002,TA,TA,TA,Unf,0,1,5,1948.0,1,0.0,680.0,8000,No,Detchd,1Story,VinylSd,Normal,1944.0,2.0,61,7,132000.0
5,1118,2.0,410.0,793.0,793,1939,1950,TA,TA,Gd,Unf,325,1,5,1939.0,1,0.0,507.0,7800,Mn,Detchd,1.5Fin,MetalSd,Normal,1911.0,2.0,67,56,119900.0
7,2036,2.0,513.0,2136.0,2036,1965,1965,TA,TA,Gd,RFn,0,2,8,1965.0,2,0.0,1236.0,215245,Gd,Attchd,1Story,BrkFace,Normal,4172.0,4.0,44,44,375000.0
7,1641,2.0,546.0,728.0,832,1925,1990,Ex,TA,TA,Unf,809,1,6,1925.0,1,0.0,16.0,9600,No,Detchd,2Story,Wd Sdng,Normal,2369.0,2.0,81,16,178000.0
7,1432,2.0,432.0,716.0,716,2004,2005,Gd,Gd,Gd,Fin,716,2,6,2004.0,1,0.0,425.0,7795,No,Attchd,2Story,VinylSd,Normal,2148.0,3.5,5,4,188500.0
7,2353,2.0,484.0,845.0,1153,1980,1980,Ex,Gd,Gd,RFn,1200,2,10,1983.0,1,278.0,692.0,13005,No,Attchd,2Story,CemntBd,Normal,3198.0,3.5,29,29,260000.0
8,1959,3.0,1025.0,1088.0,1088,2006,2006,Gd,Gd,Gd,RFn,871,2,8,2006.0,1,0.0,0.0,9000,Av,Attchd,2Story,VinylSd,Normal,3047.0,2.5,1,1,270000.0
7,2646,3.0,656.0,1347.0,1372,1993,1993,Gd,Gd,Gd,RFn,1274,2,9,1993.0,1,256.0,987.0,9900,Gd,Attchd,2Story,HdBoard,Normal,3993.0,3.5,16,16,260000.0
7,1472,2.0,588.0,1372.0,1472,1980,1980,TA,TA,Gd,Unf,0,2,6,1980.0,2,225.0,1036.0,14115,Av,Attchd,SLvl,Plywood,Normal,2844.0,3.0,29,29,187500.0
9,2596,3.0,840.0,1249.0,1249,2006,2006,Gd,TA,Ex,RFn,1347,3,9,2006.0,0,370.0,0.0,16259,Av,Attchd,2Story,VinylSd,Partial,3845.0,3.5,0,0,342643.0
8,2468,3.0,872.0,1136.0,1136,2004,2004,Gd,Gd,Ex,Fin,1332,2,10,2004.0,1,388.0,970.0,12099,Av,BuiltIn,2Story,VinylSd,Normal,3604.0,3.5,3,3,354000.0
7,2730,2.0,576.0,1502.0,1553,1986,1987,Gd,Gd,TA,Fin,1177,2,8,1987.0,1,172.0,28.0,10380,Gd,Attchd,2Story,Plywood,Normal,4232.0,3.5,21,20,301000.0
3,1163,1.0,220.0,1162.0,1163,1955,2005,TA,TA,TA,Unf,0,1,6,1955.0,0,0.0,256.0,5820,No,Attchd,1Story,VinylSd,Normal,2325.0,2.0,51,1,126175.0
7,2978,2.0,564.0,710.0,1898,1967,2007,Gd,Gd,Gd,Fin,1080,2,11,1961.0,1,300.0,0.0,11275,No,BuiltIn,SLvl,Wd Sdng,Normal,3688.0,2.5,43,3,242000.0
5,803,2.0,360.0,720.0,803,1941,1950,TA,TA,TA,Unf,0,1,5,1941.0,0,0.0,116.0,5000,Av,Detchd,1.5Unf,MetalSd,Normal,1523.0,1.0,66,57,87000.0
8,1719,2.0,473.0,1719.0,1719,1993,1993,Gd,Gd,Gd,Fin,0,1,6,1993.0,2,0.0,1619.0,10846,Gd,Attchd,1Story,BrkFace,Normal,3438.0,3.5,15,15,324000.0
6,1383,1.0,292.0,1383.0,1383,1960,1960,TA,TA,TA,RFn,0,1,7,1960.0,0,175.0,565.0,11600,No,Attchd,1Story,Wd Sdng,Normal,2766.0,1.5,46,46,145250.0
6,2134,2.0,441.0,844.0,1445,1916,1994,Gd,TA,TA,Unf,689,2,10,1930.0,0,0.0,0.0,11888,No,Detchd,2.5Unf,Wd Sdng,Normal,2978.0,2.0,93,15,214500.0
5,1192,1.0,189.0,596.0,596,1920,1950,TA,TA,TA,Unf,596,1,6,1920.0,0,0.0,0.0,6402,Mn,Detchd,2Story,Wd Sdng,Normal,1788.0,1.0,89,59,78000.0
5,1728,1.0,352.0,1728.0,1728,1964,1964,TA,TA,TA,Unf,0,2,10,2002.0,0,84.0,40.0,10624,No,Detchd,1Story,HdBoard,Normal,3456.0,2.5,43,43,119000.0
5,1056,1.0,308.0,1056.0,1056,1958,1992,TA,TA,TA,RFn,0,1,6,1958.0,0,0.0,846.0,8176,No,Attchd,1Story,Wd Sdng,Normal,2112.0,2.0,49,15,139000.0
8,1629,3.0,880.0,3206.0,1629,2003,2004,Gd,Gd,Gd,RFn,0,2,7,2003.0,1,296.0,1124.0,10655,No,Attchd,1Story,VinylSd,Normal,4835.0,3.0,6,5,284000.0
7,1358,2.0,484.0,1358.0,1358,2004,2004,Gd,Gd,Gd,RFn,0,2,6,2004.0,1,146.0,720.0,8198,Av,Attchd,1Story,VinylSd,Normal,2716.0,3.0,4,4,207000.0
6,1638,2.0,472.0,943.0,943,1998,1998,TA,TA,Gd,Fin,695,2,7,1998.0,2,0.0,828.0,9042,Gd,Attchd,2Story,VinylSd,Normal,2581.0,3.5,10,10,192000.0
5,1786,2.0,529.0,1499.0,1619,1965,1965,TA,TA,TA,Fin,167,2,7,1965.0,2,0.0,1249.0,164660,Gd,Attchd,1.5Fin,Plywood,Normal,3285.0,4.0,43,43,228950.0
9,1922,3.0,676.0,1922.0,1922,2005,2006,Gd,Gd,Ex,Fin,0,2,8,2005.0,1,200.0,1249.0,14157,Gd,Attchd,1Story,VinylSd,Normal,3844.0,3.0,2,1,377426.0
7,1536,2.0,532.0,1536.0,1536,2002,2003,Gd,Gd,Gd,RFn,0,2,7,2002.0,0,113.0,810.0,9135,Av,Attchd,1Story,VinylSd,Normal,3072.0,3.0,6,5,214000.0
7,1621,2.0,440.0,1208.0,1621,1984,1998,Gd,Gd,Gd,RFn,0,2,8,1984.0,0,0.0,213.0,14145,Mn,Attchd,1Story,Wd Sdng,Normal,2829.0,3.0,22,8,202500.0
6,1215,1.0,297.0,1215.0,1215,1958,1998,TA,TA,TA,Unf,0,1,6,1958.0,0,176.0,585.0,12400,No,Attchd,1Story,Wd Sdng,Normal,2430.0,1.0,51,11,155000.0
8,1908,2.0,431.0,967.0,993,2002,2002,Gd,Gd,Gd,Fin,915,2,9,2002.0,0,0.0,0.0,14191,No,Attchd,2Story,VinylSd,Normal,2875.0,2.5,8,8,202900.0
4,841,1.0,294.0,721.0,841,1950,1950,TA,Fa,TA,Unf,0,1,4,1950.0,0,0.0,0.0,8400,No,CarPort,1Story,Wd Sdng,Normal,1562.0,1.0,59,59,82000.0
3,1040,2.0,400.0,0.0,1040,1949,1950,TA,TA,,Unf,0,2,6,1949.0,0,340.0,0.0,8544,,Detchd,1Story,Stucco,Normal,1040.0,2.0,57,56,87500.0
9,1684,2.0,564.0,1684.0,1684,2005,2005,Ex,Ex,Ex,RFn,0,2,6,2005.0,1,616.0,28.0,8849,No,Attchd,1Story,MetalSd,Normal,3368.0,2.0,3,3,266000.0
5,1112,1.0,336.0,536.0,536,1976,1976,TA,TA,Gd,Unf,576,1,4,1976.0,0,0.0,129.0,2592,No,Attchd,2Story,CemntBd,Normal,1648.0,1.5,34,34,85000.0
6,1577,1.0,312.0,972.0,972,1939,1950,Fa,TA,TA,Unf,605,1,6,1939.0,1,0.0,0.0,6435,No,Detchd,1.5Fin,MetalSd,Normal,2549.0,1.0,67,56,140200.0
6,958,1.0,301.0,958.0,958,1960,1998,TA,TA,TA,RFn,0,1,5,1960.0,0,0.0,498.0,12772,Mn,Attchd,1Story,MetalSd,Normal,1916.0,1.0,47,9,151500.0
6,1478,2.0,498.0,1478.0,1478,1960,1960,TA,TA,TA,Unf,0,2,6,1960.0,2,30.0,1270.0,17600,No,Attchd,1Story,Wd Sdng,Normal,2956.0,3.0,49,49,157500.0
7,1626,2.0,474.0,764.0,764,2003,2004,Gd,Gd,Gd,RFn,862,2,6,2003.0,0,106.0,573.0,2448,No,BuiltIn,2Story,VinylSd,Normal,2390.0,3.5,5,4,154000.0
9,2728,3.0,706.0,1848.0,1848,2005,2006,Ex,Ex,Ex,Fin,880,2,10,2006.0,2,870.0,1410.0,20431,No,Attchd,2Story,CemntBd,Partial,4576.0,3.5,1,0,437154.0
9,1869,2.0,617.0,1869.0,1869,2007,2007,Ex,Ex,Ex,RFn,0,2,6,2007.0,1,362.0,0.0,7820,No,Attchd,1Story,MetalSd,Partial,3738.0,2.0,0,0,318061.0
7,1453,2.0,445.0,1453.0,1453,1986,1986,Gd,TA,Gd,RFn,0,1,6,1986.0,1,0.0,1082.0,5271,Gd,Attchd,1Story,Wd Sdng,Abnorml,2906.0,2.5,20,20,190000.0
5,1111,1.0,200.0,616.0,616,1941,1950,TA,TA,TA,Unf,495,1,5,1941.0,0,0.0,236.0,9084,Mn,Detchd,1.5Fin,VinylSd,Normal,1727.0,1.5,67,58,95000.0
6,720,2.0,484.0,624.0,720,1928,2003,TA,TA,TA,Unf,0,1,5,2005.0,0,0.0,0.0,8520,No,Detchd,1Story,VinylSd,Normal,1344.0,1.0,82,7,105900.0
6,1595,1.0,240.0,940.0,1192,1940,2000,TA,TA,TA,Unf,403,1,6,1940.0,2,0.0,388.0,8400,No,Attchd,1.5Fin,Wd Sdng,Normal,2535.0,1.0,66,6,140000.0
6,1200,2.0,521.0,1200.0,1200,1995,1995,Gd,Gd,Gd,RFn,0,2,6,1995.0,0,0.0,334.0,11249,No,Attchd,1Story,VinylSd,Normal,2400.0,3.0,12,12,177500.0
6,1167,2.0,400.0,1158.0,1167,1992,1992,Gd,TA,Gd,RFn,0,2,6,1992.0,0,106.0,560.0,9248,No,Attchd,1Story,HdBoard,Normal,2325.0,3.0,17,17,173000.0
5,1142,2.0,528.0,1142.0,1142,1976,1976,TA,TA,Gd,Fin,0,1,6,1976.0,1,0.0,874.0,4224,No,Attchd,1Story,CemntBd,Normal,2284.0,2.5,31,31,134000.0
5,1352,1.0,288.0,1062.0,1352,1958,1958,Gd,TA,TA,Unf,0,1,6,1958.0,0,120.0,300.0,6930,Av,BuiltIn,SLvl,Wd Sdng,Abnorml,2414.0,1.5,48,48,130000.0
8,1924,2.0,592.0,1086.0,1086,1998,1998,Gd,Gd,Gd,RFn,838,2,7,1998.0,1,530.0,956.0,12011,Av,Attchd,2Story,VinylSd,Normal,3010.0,3.5,8,8,280000.0
6,912,2.0,470.0,888.0,912,1978,1978,TA,TA,Gd,RFn,0,1,5,1978.0,1,0.0,773.0,7540,Av,Attchd,SFoyer,VinylSd,Normal,1800.0,2.0,29,29,156000.0
5,1505,1.0,240.0,883.0,988,1940,1982,TA,TA,TA,Unf,517,1,8,1940.0,0,0.0,399.0,9144,No,Detchd,1.5Fin,MetalSd,Normal,2388.0,2.0,68,26,145000.0
7,1922,2.0,672.0,0.0,495,2003,2003,Gd,Gd,,RFn,1427,3,7,2003.0,1,500.0,0.0,7301,,BuiltIn,SFoyer,HdBoard,Normal,1922.0,3.0,6,6,198500.0
6,987,1.0,264.0,483.0,483,1972,2007,Gd,TA,TA,Unf,504,1,5,1972.0,0,510.0,162.0,1680,No,Detchd,2Story,HdBoard,Normal,1470.0,1.5,37,2,118000.0
6,1574,2.0,566.0,796.0,790,1976,1976,TA,TA,Gd,Fin,784,2,6,1976.0,1,120.0,712.0,18800,Mn,Attchd,2Story,HdBoard,Normal,2370.0,3.5,30,30,190000.0
5,1344,1.0,468.0,672.0,672,1920,1997,TA,TA,TA,Unf,672,1,6,1964.0,0,0.0,456.0,10690,No,Detchd,2Story,VinylSd,Normal,2016.0,1.0,89,12,147000.0
6,1394,2.0,514.0,1394.0,1394,1963,1963,TA,TA,Gd,RFn,0,1,6,1963.0,2,247.0,609.0,9500,No,Attchd,1Story,Plywood,Normal,2788.0,2.5,46,46,159000.0
6,1431,1.0,296.0,1099.0,1431,1962,1962,TA,TA,Gd,RFn,0,1,6,1962.0,1,305.0,371.0,9150,Gd,Basment,SLvl,Plywood,Normal,2530.0,1.5,46,46,165000.0
5,1268,1.0,244.0,1268.0,1268,1954,1954,TA,TA,TA,Fin,0,1,7,1954.0,1,200.0,540.0,7800,No,Attchd,1Story,HdBoard,Normal,2536.0,1.0,56,56,132000.0
5,1287,2.0,576.0,1063.0,1287,1959,2006,Gd,TA,TA,Fin,0,1,7,1997.0,1,0.0,72.0,9830,No,Detchd,1Story,Wd Sdng,Normal,2350.0,2.0,51,4,162000.0
6,1664,2.0,460.0,953.0,953,2000,2000,TA,TA,Gd,RFn,711,2,7,2000.0,1,0.0,0.0,8121,No,Attchd,2Story,VinylSd,Normal,2617.0,2.5,6,6,172400.0
4,1588,2.0,680.0,0.0,1120,1959,1959,TA,TA,,Fin,468,2,7,1991.0,1,0.0,0.0,17120,,Detchd,1.5Fin,WdShing,Normal,1588.0,2.0,49,49,134432.0
6,752,1.0,264.0,744.0,752,1984,1984,TA,TA,Gd,Unf,0,1,4,1984.0,0,0.0,623.0,7175,No,Attchd,1Story,Plywood,Normal,1496.0,2.0,26,26,125000.0
5,1319,1.0,270.0,608.0,1319,1953,1953,TA,TA,TA,Unf,0,1,5,1953.0,0,0.0,428.0,10634,No,Attchd,1Story,MetalSd,Normal,1927.0,2.0,56,56,123000.0
7,1928,2.0,434.0,847.0,847,2003,2004,Gd,Gd,Gd,Fin,1081,2,8,2003.0,1,0.0,0.0,8200,No,BuiltIn,2Story,VinylSd,Normal,2775.0,2.5,4,3,219500.0
1,904,0.0,0.0,683.0,904,1922,1950,Fa,Fa,Fa,,0,0,4,,0,0.0,350.0,10020,Gd,,1Story,Wd Sdng,Normal,1587.0,1.5,87,59,61000.0
5,914,2.0,576.0,870.0,914,1996,1996,TA,Gd,Gd,Unf,0,1,5,1998.0,0,0.0,298.0,8846,Av,Detchd,SFoyer,VinylSd,Normal,1784.0,1.0,10,10,148000.0
8,2466,2.0,610.0,1580.0,1580,2004,2005,Gd,Gd,Gd,RFn,886,3,8,2004.0,1,0.0,0.0,11143,No,Attchd,2Story,CemntBd,Normal,4046.0,3.0,3,2,340000.0
9,1856,3.0,834.0,1856.0,1856,2010,2010,Ex,Gd,Ex,Fin,0,1,8,2010.0,1,350.0,1445.0,11394,Av,Attchd,1Story,VinylSd,Partial,3712.0,2.5,0,0,394432.0
6,1800,2.0,463.0,982.0,1007,2000,2000,TA,TA,Gd,Fin,793,2,7,2000.0,1,16.0,0.0,8123,No,Attchd,2Story,VinylSd,Normal,2782.0,2.5,9,9,179000.0
5,1691,1.0,308.0,1026.0,1026,1924,1950,Gd,TA,TA,Unf,665,2,6,1924.0,1,0.0,218.0,5000,No,Detchd,1.5Fin,BrkFace,Normal,2717.0,2.0,86,60,127000.0
7,1301,2.0,572.0,1293.0,1301,2006,2006,Gd,Gd,Gd,RFn,0,2,5,2006.0,1,0.0,0.0,7200,No,Attchd,1Story,VinylSd,Partial,2594.0,3.0,0,0,187750.0
7,1797,2.0,639.0,939.0,939,2006,2006,Gd,Gd,Gd,RFn,858,2,8,2006.0,0,0.0,0.0,9245,Av,Attchd,2Story,VinylSd,Normal,2736.0,2.5,1,1,213500.0
6,784,2.0,360.0,784.0,784,1928,1950,TA,TA,Fa,Unf,0,1,5,1950.0,0,0.0,0.0,9000,No,Detchd,1.5Unf,Wd Sdng,Normal,1568.0,1.0,81,59,76000.0
6,1953,2.0,501.0,1580.0,1079,1992,1992,Gd,Gd,Gd,Fin,874,2,9,1992.0,2,0.0,985.0,53107,Av,Attchd,2Story,HdBoard,Normal,3533.0,3.5,15,15,240000.0
8,1269,2.0,430.0,1256.0,1269,2004,2005,Gd,Gd,Gd,Fin,0,2,6,2004.0,1,16.0,24.0,3182,No,Attchd,1Story,VinylSd,Normal,2525.0,2.0,6,5,192000.0
5,1184,0.0,0.0,658.0,658,1910,1996,TA,TA,TA,,526,1,8,,0,0.0,0.0,8410,No,,1.5Fin,Wd Sdng,AdjLand,1842.0,1.0,96,10,81000.0
6,1125,1.0,352.0,1041.0,1125,1976,1976,TA,TA,TA,Unf,0,1,6,1977.0,1,255.0,631.0,7200,Av,Detchd,SLvl,MetalSd,Abnorml,2166.0,2.0,33,33,125000.0
7,1479,2.0,577.0,1468.0,1479,1999,2000,Gd,Gd,Gd,RFn,0,2,6,1999.0,0,125.0,0.0,9382,No,Attchd,1Story,VinylSd,Normal,2947.0,2.0,9,8,191000.0
10,2332,3.0,846.0,1682.0,1742,2007,2008,Ex,Ex,Ex,Fin,590,2,9,2008.0,1,272.0,1280.0,12474,Av,BuiltIn,2Story,VinylSd,Partial,4014.0,3.5,1,0,426000.0
5,1367,1.0,384.0,861.0,961,1900,1950,TA,TA,TA,Unf,406,1,7,1978.0,0,0.0,241.0,8405,No,Detchd,1.5Fin,MetalSd,Normal,2228.0,2.0,108,58,119000.0
6,1961,2.0,560.0,804.0,804,2001,2002,Gd,TA,Ex,Fin,1157,2,7,2001.0,1,0.0,690.0,12209,No,BuiltIn,2Story,VinylSd,Normal,2765.0,3.5,8,7,215000.0
5,882,1.0,294.0,0.0,882,1959,1959,TA,TA,,RFn,0,1,5,1959.0,0,0.0,0.0,8339,,Attchd,1Story,MetalSd,Normal,882.0,1.0,48,48,106500.0
4,788,0.0,0.0,788.0,788,1941,1950,TA,TA,TA,,0,1,4,,2,0.0,266.0,7446,No,,1Story,WdShing,Abnorml,1576.0,1.0,65,56,100000.0
5,1034,1.0,240.0,735.0,735,1940,1950,TA,TA,TA,Unf,299,1,5,1940.0,0,0.0,0.0,10134,No,Detchd,1.5Fin,MetalSd,Normal,1769.0,1.0,67,57,109000.0
5,1144,1.0,596.0,1144.0,1144,1956,1956,TA,TA,TA,Unf,0,1,6,1956.0,0,0.0,739.0,9571,Av,Attchd,1Story,Wd Sdng,Normal,2288.0,2.0,54,54,129000.0
5,894,2.0,600.0,894.0,894,1972,1972,TA,TA,TA,RFn,0,1,6,1985.0,0,0.0,777.0,7200,Av,Detchd,1Story,MetalSd,Normal,1788.0,1.0,37,37,123000.0
5,1812,1.0,264.0,864.0,876,1962,1962,TA,TA,TA,RFn,936,2,8,1962.0,1,288.0,540.0,7590,No,Attchd,2Story,VinylSd,Normal,2676.0,2.0,45,45,169500.0
5,1077,1.0,338.0,961.0,1077,1920,1950,TA,TA,Fa,Unf,0,1,6,1920.0,0,0.0,0.0,8967,No,Detchd,1Story,MetalSd,Abnorml,2038.0,1.0,87,57,67000.0
7,1550,2.0,438.0,1092.0,1112,2006,2007,Gd,Gd,Gd,Fin,438,2,7,2007.0,0,100.0,812.0,8125,No,Attchd,2Story,CemntBd,Normal,2642.0,3.0,3,2,241000.0
8,1288,2.0,500.0,1260.0,1288,1996,1996,Ex,Gd,Gd,Fin,0,1,4,1996.0,2,0.0,786.0,14963,No,Attchd,1Story,BrkFace,Normal,2548.0,2.5,12,12,245500.0
7,1310,2.0,400.0,1310.0,1310,2005,2005,Gd,Gd,Gd,Fin,0,2,6,2005.0,1,0.0,24.0,8767,Av,Attchd,1Story,VinylSd,Partial,2620.0,2.0,1,1,164990.0
5,672,1.0,240.0,672.0,672,1940,1997,TA,TA,TA,Unf,0,1,4,1940.0,0,0.0,0.0,10200,No,Detchd,1Story,Wd Sdng,Normal,1344.0,1.0,68,11,108000.0
8,2263,2.0,420.0,1141.0,1165,1998,1998,Gd,Gd,Gd,Fin,1098,2,10,1998.0,1,650.0,0.0,12090,No,BuiltIn,2Story,VinylSd,Abnorml,3404.0,2.5,8,8,258000.0
6,1572,2.0,373.0,806.0,806,1995,1996,TA,TA,Gd,Fin,766,2,7,1995.0,1,0.0,0.0,10364,No,BuiltIn,2Story,MetalSd,Normal,2378.0,2.5,12,11,168000.0
4,1620,2.0,490.0,1281.0,1620,1976,1993,TA,TA,TA,Unf,0,2,8,1993.0,1,0.0,1116.0,9991,No,Attchd,1Story,Plywood,Normal,2901.0,3.0,33,16,150000.0
6,1639,1.0,240.0,1064.0,1166,1936,1950,TA,TA,TA,Unf,0,1,6,1936.0,0,0.0,0.0,10480,No,Detchd,1.5Fin,MetalSd,Normal,2230.0,1.0,72,58,115000.0
6,1680,1.0,308.0,840.0,840,1915,1976,TA,TA,Gd,Unf,840,2,8,1960.0,0,0.0,0.0,15576,No,Attchd,2Story,Wd Sdng,Normal,2520.0,2.0,93,32,177000.0
7,2172,3.0,947.0,1063.0,1071,2006,2006,Gd,Gd,Ex,RFn,1101,2,9,2006.0,1,350.0,0.0,14154,No,Attchd,2Story,VinylSd,Partial,3235.0,2.5,1,1,280000.0
8,2078,3.0,836.0,1034.0,1050,2007,2008,Ex,Gd,Ex,Fin,1028,2,8,2008.0,1,100.0,789.0,10800,No,Attchd,2Story,VinylSd,Partial,3112.0,3.5,1,0,339750.0
5,1276,1.0,350.0,1276.0,1276,1958,1958,TA,TA,TA,Unf,0,1,5,1958.0,0,0.0,0.0,9571,No,Attchd,1Story,BrkComm,Abnorml,2552.0,1.0,51,51,60000.0
5,1056,2.0,572.0,1056.0,1056,1955,1955,TA,TA,TA,Fin,0,1,5,1955.0,0,0.0,1056.0,34650,Mn,Attchd,1Story,Wd Sdng,Normal,2112.0,2.0,51,51,145000.0
7,1478,2.0,484.0,1470.0,1478,2009,2009,Gd,Ex,Ex,Fin,0,2,7,2009.0,1,432.0,578.0,4403,Av,Attchd,1Story,MetalSd,Partial,2948.0,3.5,1,1,222000.0
5,1028,2.0,360.0,1008.0,1028,1927,1950,TA,TA,TA,Unf,0,1,5,1927.0,1,0.0,0.0,8960,No,Detchd,1Story,WdShing,Normal,2036.0,1.0,83,60,115000.0
7,2097,3.0,678.0,1080.0,1080,1993,1993,Gd,Gd,Gd,Unf,1017,2,9,1993.0,1,0.0,50.0,11228,No,Attchd,2Story,VinylSd,Normal,3177.0,3.0,15,15,228000.0
7,1340,2.0,396.0,1340.0,1340,2007,2007,Gd,Gd,Gd,Fin,0,2,6,2007.0,0,0.0,24.0,8899,Av,Attchd,1Story,VinylSd,Partial,2680.0,2.0,0,0,181134.0
6,1400,2.0,440.0,672.0,672,1978,1978,TA,TA,TA,Fin,728,1,6,1978.0,1,203.0,209.0,7844,No,Attchd,2Story,HdBoard,Normal,2072.0,1.5,28,28,149500.0
6,2624,3.0,864.0,1370.0,1370,1918,1950,TA,TA,Gd,Unf,1254,2,10,1918.0,1,0.0,1128.0,22420,No,Detchd,2Story,Wd Sdng,Normal,3994.0,3.5,89,57,239000.0
5,1134,1.0,240.0,756.0,756,1940,1950,TA,TA,TA,Unf,378,1,7,1940.0,0,0.0,312.0,8160,No,Detchd,1.5Fin,MetalSd,AdjLand,1890.0,2.5,67,57,126000.0
5,1056,1.0,304.0,1056.0,1056,1968,1968,TA,TA,TA,Unf,0,1,6,1968.0,1,0.0,775.0,8450,No,Attchd,1Story,VinylSd,Normal,2112.0,2.0,42,42,142000.0
7,1344,4.0,784.0,1344.0,1344,1997,1998,TA,TA,Gd,Fin,0,2,8,1997.0,0,200.0,1309.0,7060,Gd,Attchd,SFoyer,VinylSd,Alloca,2688.0,4.0,11,10,206300.0
6,1602,2.0,529.0,1602.0,1602,1977,2000,Gd,Gd,Gd,Fin,0,2,8,1977.0,1,126.0,1246.0,16635,No,Attchd,1Story,CemntBd,Normal,3204.0,2.5,32,9,215000.0
5,988,2.0,520.0,988.0,988,1954,1954,TA,TA,TA,RFn,0,1,4,1954.0,0,0.0,0.0,21750,No,Attchd,1Story,HdBoard,Normal,1976.0,1.0,54,54,113000.0
8,2630,3.0,696.0,1470.0,1470,1998,1998,Gd,Gd,Gd,Fin,1160,2,8,1998.0,1,473.0,986.0,9200,No,Attchd,2Story,VinylSd,Normal,4100.0,3.5,10,10,315000.0
6,1196,1.0,297.0,1196.0,1196,1956,1956,TA,TA,Gd,RFn,0,1,6,1956.0,1,74.0,616.0,9000,No,Attchd,1Story,Wd Sdng,Normal,2392.0,2.0,52,52,139000.0
7,1389,1.0,240.0,651.0,707,1946,1992,TA,TA,TA,Unf,682,1,6,1947.0,2,0.0,0.0,3378,No,Detchd,2Story,HdBoard,Normal,2040.0,1.5,63,17,135000.0
7,1644,2.0,569.0,1518.0,1644,1989,1989,Gd,Gd,Gd,Fin,0,2,5,1989.0,1,145.0,1518.0,12800,Gd,Attchd,SLvl,Wd Sdng,Normal,3162.0,3.5,20,20,275000.0
4,907,1.0,352.0,907.0,907,1957,1957,TA,TA,TA,Unf,0,1,5,1964.0,0,0.0,288.0,8593,No,Detchd,1Story,MetalSd,Normal,1814.0,1.0,51,51,109008.0
7,1208,2.0,628.0,1208.0,1208,2007,2007,Gd,Gd,Gd,RFn,0,2,6,2007.0,0,108.0,664.0,6762,No,Attchd,1Story,VinylSd,Partial,2416.0,3.0,0,0,195400.0
6,1412,2.0,576.0,1392.0,1412,1988,1988,Gd,TA,Gd,Unf,0,2,6,1988.0,1,0.0,1005.0,11457,Mn,Attchd,1Story,HdBoard,Normal,2804.0,3.0,21,21,175000.0
6,987,1.0,264.0,483.0,483,1971,1971,TA,TA,TA,Unf,504,1,4,1971.0,0,232.0,387.0,1680,No,Detchd,2Story,HdBoard,Abnorml,1470.0,1.5,37,37,85400.0
6,1198,0.0,0.0,901.0,1088,1920,1998,TA,TA,TA,,110,1,7,,0,0.0,0.0,5586,No,,1.5Fin,MetalSd,Abnorml,2099.0,1.0,88,10,79900.0
5,1365,2.0,440.0,765.0,765,1971,1971,TA,TA,TA,Unf,600,1,6,1971.0,0,376.0,471.0,1920,No,Detchd,2Story,HdBoard,Normal,2130.0,2.5,36,36,122500.0
6,1604,2.0,470.0,926.0,926,1997,1998,TA,TA,Gd,Fin,678,2,7,1997.0,1,0.0,0.0,10839,No,Attchd,2Story,VinylSd,Normal,2530.0,2.5,11,10,181000.0
4,630,0.0,0.0,630.0,630,1972,1972,TA,TA,Gd,,0,1,3,,0,0.0,495.0,1890,Av,,SFoyer,CemntBd,Normal,1260.0,2.0,36,36,81000.0
7,1661,2.0,550.0,799.0,827,1996,1996,Gd,Gd,Gd,RFn,834,2,6,1996.0,1,0.0,385.0,10667,Av,Attchd,2Story,VinylSd,Normal,2460.0,3.5,13,13,212000.0
6,1118,2.0,440.0,648.0,734,1920,1950,TA,TA,Fa,Unf,384,1,6,1990.0,0,0.0,0.0,4400,No,Detchd,1.5Fin,Stucco,Normal,1766.0,1.0,86,56,116000.0
6,904,1.0,180.0,884.0,904,1926,2004,TA,Gd,TA,Unf,0,1,4,1926.0,0,0.0,0.0,6000,No,Detchd,1.5Unf,Wd Sdng,Normal,1788.0,1.0,83,5,119000.0
5,694,1.0,352.0,440.0,694,1913,2002,Gd,TA,TA,Unf,0,1,4,1990.0,1,0.0,365.0,4280,No,Detchd,1Story,WdShing,Normal,1134.0,1.0,94,5,90350.0
6,1196,2.0,528.0,684.0,684,1920,2000,Gd,TA,TA,Unf,512,1,7,2005.0,0,0.0,0.0,12354,Mn,Detchd,1.5Fin,Wd Sdng,Normal,1880.0,1.0,89,9,110000.0
10,2402,3.0,672.0,3094.0,2402,2008,2008,Ex,Ex,Ex,Fin,0,2,10,2008.0,2,200.0,1767.0,15431,Gd,Attchd,1Story,VinylSd,Normal,5496.0,3.0,1,1,555000.0
4,1440,0.0,0.0,1440.0,1440,1955,1955,Fa,TA,TA,,0,2,8,,0,270.0,133.0,12108,No,,1Story,VinylSd,Normal,2880.0,2.0,53,53,118000.0
5,1573,2.0,360.0,1078.0,1128,1930,1992,TA,TA,TA,Unf,445,2,8,1930.0,1,0.0,0.0,6240,No,Detchd,1.5Fin,MetalSd,Normal,2651.0,2.0,78,16,162900.0
7,1258,3.0,648.0,1258.0,1258,2006,2007,Gd,Gd,Ex,Fin,0,2,6,2007.0,1,72.0,0.0,3922,Av,Attchd,1Story,WdShing,Partial,2516.0,2.0,1,0,172500.0
7,1908,2.0,493.0,915.0,933,1994,1995,Gd,Gd,Gd,Unf,975,2,8,1994.0,1,0.0,642.0,8750,No,Attchd,2Story,VinylSd,Normal,2823.0,3.5,14,13,210000.0
6,1689,2.0,480.0,1436.0,1689,1956,1956,TA,TA,TA,Unf,0,1,7,1956.0,1,0.0,0.0,9855,No,Attchd,1Story,Wd Sdng,Normal,3125.0,1.0,53,53,127500.0
6,1888,2.0,578.0,1517.0,1888,1966,2002,Gd,Gd,TA,Fin,0,2,6,1966.0,1,0.0,247.0,16492,No,Attchd,1Story,BrkFace,Normal,3405.0,2.5,44,8,190000.0
7,1886,2.0,431.0,930.0,956,1998,1999,Gd,Gd,Gd,Fin,930,2,10,1998.0,1,0.0,0.0,11214,No,Attchd,2Story,VinylSd,Normal,2816.0,2.5,8,7,199900.0
6,1376,1.0,198.0,780.0,780,1937,1950,TA,TA,TA,Unf,596,2,7,1937.0,1,0.0,0.0,8600,No,Detchd,1.5Fin,MetalSd,Normal,2156.0,2.0,69,56,119500.0
3,1183,1.0,308.0,649.0,679,1948,2002,TA,TA,TA,Unf,504,1,6,1981.0,0,0.0,331.0,6000,No,Detchd,1.5Fin,MetalSd,Normal,1832.0,1.5,59,5,120000.0
6,813,1.0,270.0,813.0,813,1930,2005,Gd,TA,TA,Unf,0,1,5,1932.0,0,0.0,0.0,5684,No,Detchd,1Story,Wd Sdng,Normal,1626.0,1.0,76,1,110000.0
7,1533,2.0,576.0,1533.0,1533,1975,1975,Gd,TA,Gd,Unf,0,2,5,1975.0,2,0.0,655.0,70761,Gd,Attchd,1Story,Plywood,Normal,3066.0,3.0,31,31,280000.0
6,1756,2.0,422.0,872.0,888,1996,1997,TA,Gd,Ex,Fin,868,2,7,1996.0,0,42.0,742.0,9303,No,Attchd,2Story,VinylSd,Normal,2628.0,3.5,11,10,204000.0
8,1590,2.0,676.0,768.0,786,2008,2008,Gd,Gd,Gd,RFn,804,2,6,2008.0,0,0.0,0.0,9000,No,Attchd,2Story,VinylSd,Normal,2358.0,2.5,1,1,210000.0
5,1728,2.0,560.0,1728.0,1728,1976,1976,TA,TA,TA,Unf,0,2,8,1976.0,0,0.0,1606.0,9297,No,Detchd,1Story,Plywood,Family,3456.0,4.0,30,30,188000.0
7,1242,2.0,528.0,1242.0,1242,1973,1973,TA,TA,TA,Unf,0,1,6,1973.0,1,320.0,916.0,9600,No,Attchd,1Story,HdBoard,Normal,2484.0,1.5,34,34,175500.0
5,1344,3.0,513.0,624.0,624,1916,1950,TA,TA,TA,Unf,720,1,7,1916.0,0,0.0,0.0,4571,No,Detchd,2Story,AsbShng,Abnorml,1968.0,1.0,92,58,98000.0
4,1663,2.0,529.0,1364.0,1663,1954,1994,Gd,TA,Gd,Fin,0,1,6,1954.0,2,0.0,1116.0,53227,Gd,Attchd,1Story,Plywood,Normal,3027.0,2.0,54,14,256000.0
8,1666,1.0,228.0,588.0,833,1925,1996,Gd,TA,TA,Unf,833,1,7,1925.0,1,0.0,0.0,5100,No,Detchd,2Story,Stucco,Normal,2254.0,1.0,83,12,161000.0
5,1203,1.0,352.0,709.0,979,1950,1950,Gd,TA,TA,Unf,224,1,5,1950.0,1,161.0,185.0,7015,No,Detchd,1.5Fin,MetalSd,Normal,1912.0,2.0,59,59,110000.0
8,1935,2.0,552.0,832.0,832,2009,2009,TA,Gd,Gd,Fin,1103,2,8,2009.0,0,110.0,544.0,8004,No,BuiltIn,2Story,VinylSd,Partial,2767.0,3.5,0,0,263435.0
7,1135,2.0,576.0,560.0,575,1936,2007,Gd,Gd,Gd,RFn,560,1,6,1971.0,0,0.0,350.0,7200,No,Detchd,2Story,Wd Sdng,Normal,1695.0,2.0,73,2,155000.0
5,864,1.0,360.0,864.0,864,1965,1965,TA,TA,TA,Unf,0,1,5,1965.0,1,0.0,553.0,8281,No,Detchd,1Story,MetalSd,Normal,1728.0,1.0,44,44,62383.0
6,1660,1.0,240.0,715.0,849,1934,1995,TA,TA,TA,Unf,811,1,6,1939.0,1,0.0,326.0,11988,No,Detchd,2Story,Stucco,Normal,2375.0,1.5,74,13,188700.0
5,1040,0.0,0.0,1040.0,1040,1978,1978,TA,TA,Gd,,0,2,5,,0,136.0,616.0,8430,No,,1Story,HdBoard,Normal,2080.0,2.0,31,31,124000.0
7,1414,2.0,398.0,1375.0,1414,2004,2004,Gd,Gd,Gd,Fin,0,2,6,2004.0,1,18.0,0.0,3072,No,Attchd,1Story,VinylSd,Normal,2789.0,2.0,2,2,178740.0
7,1277,2.0,526.0,1277.0,1277,1970,1970,TA,TA,TA,Unf,0,1,5,1970.0,1,0.0,778.0,10628,Gd,Attchd,1Story,Plywood,Normal,2554.0,2.0,37,37,167000.0
5,1644,1.0,312.0,728.0,888,1942,1995,Gd,TA,TA,Unf,756,1,7,1942.0,2,224.0,386.0,9480,No,Attchd,2Story,MetalSd,Normal,2372.0,1.5,65,12,146500.0
8,1634,3.0,866.0,1626.0,1634,2006,2006,Gd,Gd,Gd,RFn,0,2,7,2006.0,1,248.0,0.0,11428,No,Attchd,1Story,VinylSd,Normal,3260.0,2.0,1,1,250000.0
6,1710,2.0,506.0,832.0,832,1993,1993,Gd,Gd,Gd,RFn,878,2,7,1993.0,0,120.0,426.0,9291,No,Attchd,2Story,HdBoard,Normal,2542.0,2.5,15,15,187000.0
8,1502,2.0,528.0,1488.0,1502,1985,1985,Gd,Gd,Gd,RFn,0,1,4,1985.0,0,0.0,368.0,6820,Av,Attchd,1Story,HdBoard,Normal,2990.0,2.5,25,25,212000.0
7,1969,2.0,534.0,808.0,1161,1977,1977,TA,TA,Gd,RFn,808,2,8,1977.0,1,0.0,0.0,11952,No,Attchd,2Story,WdShing,Normal,2777.0,2.5,30,30,190000.0
6,1072,2.0,525.0,547.0,1072,2005,2005,TA,TA,Gd,RFn,0,1,5,2005.0,0,80.0,459.0,3675,Gd,Basment,SLvl,VinylSd,Normal,1619.0,2.0,3,3,148000.0
8,1976,3.0,908.0,1976.0,1976,2006,2007,Gd,Gd,Ex,RFn,0,2,7,2006.0,1,304.0,1350.0,14977,Gd,Attchd,1Story,VinylSd,Partial,3952.0,3.0,1,0,440000.0
8,1652,2.0,499.0,1494.0,1652,2000,2000,Ex,Gd,Gd,RFn,0,2,6,2000.0,0,0.0,1196.0,5330,Av,Attchd,1Story,CemntBd,Normal,3146.0,3.0,7,7,251000.0
5,970,2.0,624.0,970.0,970,1963,1963,TA,TA,TA,Unf,0,1,5,1996.0,0,0.0,630.0,8480,No,Detchd,1Story,HdBoard,Normal,1940.0,2.0,44,44,132500.0
6,1493,2.0,508.0,1478.0,1493,1997,1998,Gd,TA,Gd,Fin,0,2,7,1997.0,1,215.0,994.0,13125,Gd,Attchd,1Story,VinylSd,Normal,2971.0,3.0,11,10,208900.0
9,2643,3.0,694.0,2153.0,2069,2006,2006,Ex,Ex,Gd,Fin,574,2,9,2006.0,1,772.0,0.0,13693,Av,BuiltIn,2Story,VinylSd,Normal,4796.0,2.5,1,1,380000.0
8,1718,3.0,826.0,1705.0,1718,2007,2008,Gd,Gd,Ex,RFn,0,2,7,2007.0,1,336.0,1288.0,10637,Gd,Attchd,1Story,VinylSd,Normal,3423.0,3.0,2,1,297000.0
4,1131,2.0,672.0,907.0,1131,1937,2000,TA,TA,Fa,Unf,0,1,7,1995.0,0,435.0,168.0,5925,No,Detchd,1Story,Stucco,Alloca,2038.0,1.0,70,7,89471.0
9,1850,3.0,772.0,1833.0,1850,2004,2005,Gd,Gd,Ex,Fin,0,2,8,2004.0,1,378.0,1261.0,16033,Gd,Attchd,1Story,VinylSd,Normal,3683.0,3.0,2,1,326000.0
9,1792,3.0,874.0,1792.0,1792,2003,2004,Ex,Gd,Ex,Fin,0,2,6,2003.0,1,562.0,1567.0,11846,Gd,Attchd,1Story,VinylSd,Normal,3584.0,3.0,3,2,374000.0
7,1826,1.0,164.0,910.0,916,1915,2005,Ex,Gd,TA,Unf,910,1,7,1915.0,1,0.0,299.0,2500,No,Attchd,2Story,Stucco,Normal,2736.0,2.5,94,4,155000.0
6,1216,2.0,402.0,1216.0,1216,1998,1998,TA,TA,Ex,Unf,0,2,5,1998.0,0,116.0,897.0,4500,No,Attchd,1Story,VinylSd,Normal,2432.0,3.0,8,8,164000.0
5,999,1.0,264.0,999.0,999,1962,2001,Gd,TA,TA,Unf,0,1,6,1963.0,0,0.0,588.0,7758,No,Detchd,1Story,HdBoard,Normal,1998.0,2.0,45,6,132500.0
5,1113,1.0,264.0,1113.0,1113,1950,2007,Gd,Gd,TA,Unf,0,1,5,1950.0,1,0.0,607.0,9600,No,Attchd,1Story,MetalSd,Normal,2226.0,1.0,59,2,147000.0
5,1073,2.0,515.0,1073.0,1073,1965,1965,TA,TA,TA,RFn,0,1,6,1965.0,0,168.0,836.0,10289,No,Attchd,1Story,MetalSd,Normal,2146.0,2.5,42,42,156000.0
5,1484,2.0,487.0,1484.0,1484,1971,1971,TA,TA,Gd,Unf,0,2,7,1971.0,1,0.0,998.0,12243,Av,Attchd,1Story,Plywood,Normal,2968.0,2.0,36,36,175000.0
5,2414,2.0,520.0,954.0,1766,1900,1970,TA,TA,TA,Unf,648,2,10,1970.0,1,0.0,664.0,10800,No,Attchd,1.5Fin,Wd Sdng,Normal,3368.0,2.0,106,36,160000.0
4,630,1.0,286.0,630.0,630,1970,2002,Gd,TA,Gd,Unf,0,1,3,1970.0,0,0.0,515.0,1526,Av,Attchd,SFoyer,CemntBd,Normal,1260.0,2.0,39,7,86000.0
5,1304,1.0,336.0,264.0,616,1976,1976,TA,TA,Gd,Fin,688,1,4,1976.0,1,0.0,0.0,2665,Mn,BuiltIn,2Story,CemntBd,Normal,1568.0,1.5,32,32,115000.0
6,1578,1.0,240.0,806.0,958,1941,1950,Fa,TA,TA,Unf,620,1,5,1941.0,2,0.0,403.0,9490,No,Attchd,1.5Fin,Wd Sdng,Normal,2384.0,2.0,65,56,133000.0
6,1456,2.0,429.0,728.0,728,2006,2006,TA,Gd,Gd,RFn,728,2,8,2006.0,0,0.0,0.0,15578,No,Attchd,2Story,VinylSd,Partial,2184.0,2.5,0,0,172785.0
5,1269,1.0,308.0,1269.0,1269,1960,1960,TA,TA,TA,Unf,0,1,6,1964.0,1,0.0,374.0,7931,No,Detchd,1Story,BrkFace,Normal,2538.0,1.5,48,48,155000.0
5,886,1.0,273.0,190.0,886,1938,1996,TA,TA,Fa,Unf,0,1,4,1938.0,0,0.0,0.0,5784,No,Attchd,1Story,MetalSd,Normal,1076.0,1.0,71,13,91300.0
4,720,0.0,0.0,720.0,720,1920,1950,TA,TA,TA,,0,1,4,,0,0.0,495.0,7879,No,,1Story,Wd Sdng,Abnorml,1440.0,1.0,89,59,34900.0
8,3228,2.0,546.0,3200.0,3228,1992,1993,Gd,Gd,Gd,RFn,0,3,10,1992.0,1,0.0,1231.0,12692,No,Attchd,1Story,BrkFace,Normal,6428.0,4.0,15,14,430000.0
7,1820,1.0,240.0,1026.0,1133,1925,1950,TA,TA,TA,Unf,687,2,8,1925.0,0,0.0,329.0,9120,No,Detchd,1.5Fin,Wd Sdng,Normal,2846.0,3.0,83,58,184000.0
5,899,1.0,288.0,864.0,899,1967,2004,Gd,TA,TA,Fin,0,1,5,1967.0,0,89.0,450.0,7800,No,Attchd,1Story,HdBoard,Normal,1763.0,1.0,42,5,130000.0
5,912,1.0,297.0,912.0,912,1958,1985,TA,TA,TA,Fin,0,1,5,1958.0,0,0.0,111.0,7535,No,Attchd,1Story,MetalSd,Normal,1824.0,1.5,49,22,120000.0
6,1218,1.0,264.0,672.0,672,1973,1973,TA,TA,TA,Unf,546,1,7,1973.0,0,285.0,356.0,1890,No,Detchd,2Story,HdBoard,Normal,1890.0,1.5,34,34,113000.0
7,1768,2.0,603.0,866.0,866,2005,2005,Gd,Gd,Gd,RFn,902,2,7,2005.0,0,0.0,400.0,9803,No,Attchd,2Story,VinylSd,Normal,2634.0,2.5,3,3,226700.0
5,1214,2.0,461.0,1214.0,1214,1965,1965,TA,TA,TA,Unf,0,1,6,1965.0,0,0.0,698.0,9170,No,Detchd,1Story,MetalSd,Normal,2428.0,2.0,42,42,140000.0
7,1801,2.0,484.0,1501.0,1801,1959,1997,TA,TA,TA,Fin,0,2,6,1959.0,2,0.0,1247.0,15602,No,Attchd,1Story,BrkFace,Normal,3302.0,3.0,51,13,289000.0
6,1322,2.0,440.0,855.0,855,1974,1974,TA,TA,TA,Unf,467,2,6,1974.0,1,0.0,257.0,2308,No,Attchd,2Story,Plywood,Normal,2177.0,3.0,35,35,147000.0
5,1960,2.0,400.0,960.0,960,1952,1952,TA,TA,TA,Unf,1000,2,10,1952.0,0,360.0,0.0,7596,No,Detchd,2Story,Wd Sdng,Normal,2920.0,2.0,57,57,124500.0
8,1911,2.0,471.0,777.0,1065,1993,1994,Gd,Gd,Gd,RFn,846,2,8,1993.0,1,125.0,380.0,9554,No,Attchd,2Story,VinylSd,Normal,2688.0,2.5,13,12,215000.0
6,1218,2.0,676.0,1218.0,1218,2009,2009,Gd,Gd,Gd,Fin,0,2,4,2009.0,0,0.0,27.0,7862,No,Attchd,1Story,VinylSd,Partial,2436.0,2.0,0,0,208300.0
7,1378,2.0,360.0,689.0,689,1928,2005,Gd,TA,TA,Unf,689,2,7,1928.0,1,0.0,141.0,9600,No,Detchd,2Story,MetalSd,Normal,2067.0,2.0,80,3,161000.0
5,1041,1.0,270.0,1041.0,1041,1959,1959,TA,TA,TA,RFn,0,1,6,1959.0,0,132.0,991.0,9600,No,Attchd,1Story,MetalSd,Normal,2082.0,2.0,50,50,124500.0
5,1363,1.0,288.0,1008.0,1363,1951,2000,TA,Gd,TA,Unf,0,1,6,1951.0,2,70.0,650.0,14559,No,CarPort,1Story,Wd Sdng,Normal,2371.0,2.0,58,9,164900.0
7,1368,2.0,474.0,1368.0,1368,2005,2006,Gd,Gd,Gd,RFn,0,2,6,2005.0,1,94.0,0.0,6792,No,Attchd,1Story,VinylSd,Partial,2736.0,2.0,1,0,202665.0
5,864,2.0,624.0,864.0,864,1958,1958,TA,TA,TA,Unf,0,1,5,1964.0,0,0.0,521.0,9100,No,Detchd,1Story,VinylSd,Normal,1728.0,2.0,48,48,129900.0
6,1080,2.0,484.0,1084.0,1080,1983,1983,TA,TA,TA,Unf,0,1,5,1983.0,0,0.0,336.0,9187,No,Attchd,1Story,VinylSd,Normal,2164.0,1.5,24,24,134000.0
5,789,1.0,200.0,768.0,789,1926,1950,TA,TA,TA,Unf,0,1,5,1926.0,0,0.0,0.0,10594,No,Detchd,1.5Unf,Wd Sdng,Normal,1557.0,1.0,81,57,96500.0
10,2020,3.0,900.0,2006.0,2020,2009,2009,Ex,Ex,Ex,Fin,0,2,9,2009.0,1,305.0,1436.0,12220,No,Attchd,1Story,CemntBd,Partial,4026.0,3.5,0,0,402861.0
6,2119,2.0,583.0,689.0,1378,1972,1972,TA,TA,TA,RFn,741,2,7,1972.0,1,333.0,0.0,10448,No,Attchd,SLvl,HdBoard,Abnorml,2808.0,2.5,37,37,158000.0
7,2344,3.0,889.0,1264.0,1277,1996,1997,Gd,Gd,Gd,RFn,1067,2,7,1996.0,1,921.0,0.0,10208,No,Attchd,2Story,VinylSd,Normal,3608.0,2.5,13,12,265000.0
6,1796,2.0,546.0,794.0,882,1998,1998,TA,TA,Gd,RFn,914,2,7,1998.0,0,0.0,706.0,9531,Mn,Attchd,2Story,VinylSd,Normal,2590.0,3.5,9,9,211000.0
7,2080,1.0,282.0,1276.0,1276,1926,2004,Gd,Gd,Gd,Unf,804,1,9,1926.0,2,0.0,0.0,10918,No,Detchd,2Story,MetalSd,Normal,3356.0,1.5,83,5,234000.0
4,1294,0.0,0.0,0.0,694,1900,2000,TA,TA,,,600,2,7,,0,0.0,0.0,10800,,,2Story,MetalSd,Normal,1294.0,2.0,108,8,106250.0
6,1244,1.0,336.0,1244.0,1244,1957,1957,TA,TA,TA,Unf,0,1,6,1957.0,2,0.0,777.0,11988,No,Attchd,1Story,VinylSd,Normal,2488.0,1.5,50,50,150000.0
6,1664,2.0,420.0,1004.0,1004,1947,1950,TA,TA,TA,Unf,660,2,7,1950.0,2,0.0,399.0,5000,No,Detchd,1.5Fin,CemntBd,Normal,2668.0,2.0,59,56,159000.0
10,4676,3.0,884.0,3138.0,3138,2007,2008,Ex,Ex,Ex,Fin,1538,3,11,2007.0,1,762.0,2260.0,40094,Gd,BuiltIn,2Story,CemntBd,Partial,7814.0,4.5,0,0,184750.0
7,2398,3.0,834.0,1379.0,1383,1996,1997,Gd,Gd,Gd,Fin,1015,2,8,1996.0,1,594.0,719.0,11787,No,Attchd,2Story,VinylSd,Normal,3777.0,3.5,11,10,315750.0
7,1266,2.0,453.0,1257.0,1266,2005,2005,Gd,Gd,Gd,Unf,0,2,6,2005.0,1,0.0,0.0,7500,No,Attchd,1Story,VinylSd,Normal,2523.0,2.0,1,1,176000.0
5,928,1.0,252.0,928.0,928,1956,2000,TA,TA,Gd,Unf,0,1,4,1956.0,0,0.0,377.0,13300,No,Attchd,1Story,Wd Sdng,Normal,1856.0,1.0,51,7,132000.0
9,2713,3.0,858.0,1452.0,1476,2008,2008,Ex,Ex,Ex,Fin,1237,2,11,2008.0,1,268.0,1330.0,14948,Av,Attchd,2Story,VinylSd,Partial,4165.0,3.5,0,0,446261.0
4,605,0.0,0.0,528.0,605,1920,2002,TA,TA,TA,,0,1,5,,0,0.0,348.0,9098,Mn,,1Story,Wd Sdng,Normal,1133.0,2.0,87,5,86000.0
6,2515,2.0,484.0,2035.0,2515,1957,1975,TA,Gd,TA,RFn,0,3,9,1975.0,2,0.0,1219.0,32668,No,Attchd,1Story,Wd Sdng,Alloca,4550.0,4.0,50,32,200624.0
6,1509,2.0,600.0,1461.0,1509,1988,1989,Gd,Gd,Gd,RFn,0,2,5,1988.0,1,219.0,783.0,10200,Av,Attchd,SLvl,HdBoard,Abnorml,2970.0,3.0,20,19,175000.0
6,1362,2.0,502.0,611.0,751,1920,1999,TA,TA,Fa,Fin,611,2,6,1920.0,0,0.0,0.0,6155,Mn,Detchd,2Story,Wd Sdng,Normal,1973.0,2.0,88,9,128000.0
5,827,1.0,392.0,0.0,827,1955,2007,TA,TA,,Unf,0,1,5,1967.0,1,0.0,0.0,7200,,Detchd,1Story,VinylSd,Normal,827.0,1.0,55,3,107500.0
1,334,0.0,0.0,0.0,334,1946,1950,Fa,Fa,,,0,1,2,,0,0.0,0.0,5000,,,1Story,VinylSd,Normal,334.0,1.0,61,57,39300.0
8,1414,2.0,403.0,707.0,707,2004,2004,Gd,Gd,Ex,Fin,707,2,6,2004.0,1,0.0,0.0,9056,Av,Attchd,2Story,VinylSd,Normal,2121.0,2.5,2,2,178000.0
5,1347,0.0,0.0,1117.0,820,1910,1991,TA,TA,Gd,,527,1,5,,0,0.0,969.0,7000,Gd,,2Story,MetalSd,Normal,2464.0,2.0,98,17,107500.0
7,1724,2.0,527.0,880.0,880,1998,1999,Gd,TA,Gd,Fin,844,2,8,1998.0,0,0.0,0.0,8924,Av,Attchd,2Story,VinylSd,Normal,2604.0,2.5,10,9,188000.0
4,864,2.0,576.0,864.0,864,1972,1972,TA,TA,TA,Unf,0,1,5,1980.0,0,0.0,600.0,12735,No,Detchd,1Story,MetalSd,Normal,1728.0,1.0,36,36,111250.0
5,1159,1.0,336.0,1051.0,1159,1968,1968,TA,TA,TA,Unf,0,1,7,1968.0,1,188.0,673.0,11553,No,Attchd,1Story,Plywood,Normal,2210.0,1.5,38,38,158000.0
8,1601,2.0,670.0,1581.0,1601,2001,2002,Gd,Gd,Gd,RFn,0,2,6,2001.0,1,479.0,1358.0,11423,Av,Attchd,1Story,VinylSd,Normal,3182.0,3.0,9,8,272000.0
9,1838,3.0,765.0,1838.0,1838,2006,2006,Ex,Ex,Ex,Fin,0,2,8,2006.0,1,584.0,1260.0,14601,Av,Attchd,1Story,VinylSd,Normal,3676.0,3.0,3,3,315000.0
8,2285,3.0,648.0,969.0,997,2000,2000,Gd,Gd,Gd,Fin,1288,2,8,2000.0,1,72.0,0.0,11000,No,BuiltIn,2Story,VinylSd,Normal,3254.0,2.5,7,7,248000.0
7,1680,2.0,583.0,1650.0,1680,1998,1999,Gd,Gd,Ex,Fin,0,2,7,1998.0,1,0.0,144.0,10140,No,Attchd,1Story,VinylSd,Normal,3330.0,3.0,11,10,213250.0
7,767,1.0,367.0,723.0,767,1998,1998,TA,TA,Gd,Fin,0,1,4,1998.0,0,182.0,584.0,4058,Av,Attchd,SFoyer,MetalSd,Normal,1490.0,2.0,9,9,133000.0
7,1496,2.0,426.0,654.0,664,2006,2006,Gd,Gd,Gd,RFn,832,2,7,2006.0,1,0.0,554.0,17104,Av,Attchd,2Story,VinylSd,Partial,2150.0,3.5,0,0,179665.0
7,2183,3.0,786.0,1204.0,1377,1988,1988,Gd,Gd,Gd,Unf,806,2,9,1988.0,0,178.0,1002.0,13837,No,Attchd,1.5Fin,HdBoard,Normal,3387.0,2.5,18,18,229000.0
6,1635,2.0,440.0,1065.0,915,1923,1950,TA,TA,Gd,Unf,720,1,6,1950.0,1,0.0,300.0,8737,No,Detchd,1.5Fin,BrkFace,Normal,2700.0,1.5,84,57,210000.0
5,768,2.0,624.0,768.0,768,1970,1970,TA,TA,Gd,Unf,0,1,5,1987.0,0,0.0,619.0,7244,Av,Detchd,SFoyer,VinylSd,Normal,1536.0,2.0,37,37,129500.0
5,825,2.0,720.0,825.0,825,1955,1995,TA,TA,TA,RFn,0,1,4,1963.0,0,0.0,180.0,8235,No,Detchd,1Story,MetalSd,Normal,1650.0,2.0,53,13,125000.0
7,2094,2.0,615.0,912.0,912,2003,2004,Gd,Gd,Gd,Fin,1182,2,8,2003.0,1,0.0,0.0,9375,No,BuiltIn,2Story,VinylSd,Normal,3006.0,2.5,6,5,263000.0
6,1069,2.0,440.0,1069.0,1069,1977,1977,TA,TA,Gd,RFn,0,2,4,1977.0,0,0.0,559.0,4043,No,Attchd,1Story,Plywood,Abnorml,2138.0,2.0,31,31,140000.0
5,928,1.0,288.0,928.0,928,1957,1957,TA,TA,TA,Fin,0,1,5,1957.0,0,0.0,308.0,6000,No,Attchd,1Story,BrkFace,Normal,1856.0,1.0,51,51,112500.0
8,1717,3.0,908.0,1709.0,1717,2006,2006,Gd,Gd,Ex,RFn,0,2,7,2006.0,1,250.0,0.0,11146,Av,Attchd,1Story,VinylSd,Normal,3426.0,2.0,3,3,255500.0
4,1126,2.0,520.0,0.0,1126,1949,2003,Gd,TA,,Fin,0,2,5,2002.0,0,0.0,0.0,8777,,Detchd,1Story,VinylSd,Normal,1126.0,2.0,60,6,108000.0
7,2046,3.0,871.0,998.0,1006,2003,2004,Gd,Gd,Gd,RFn,1040,2,8,2003.0,1,292.0,866.0,10625,No,BuiltIn,2Story,VinylSd,Normal,3044.0,3.5,5,4,284000.0
5,1048,1.0,280.0,993.0,1048,1922,1950,TA,TA,TA,Unf,0,1,5,1922.0,1,0.0,0.0,6380,No,Detchd,1.5Unf,MetalSd,Normal,2041.0,1.0,84,56,113000.0
5,1092,1.0,299.0,1092.0,1092,1957,1957,TA,TA,TA,Fin,0,1,6,1957.0,1,0.0,895.0,14850,No,Attchd,1Story,Wd Sdng,Normal,2184.0,2.0,49,49,141000.0
4,1336,1.0,570.0,637.0,897,1920,1950,TA,TA,TA,Unf,439,1,7,1994.0,0,0.0,637.0,11040,No,CarPort,1.5Fin,MetalSd,Normal,1973.0,1.5,86,56,108000.0
7,1446,2.0,406.0,729.0,729,1996,1997,TA,TA,Gd,Unf,717,2,6,1996.0,1,0.0,604.0,21872,Gd,Attchd,2Story,HdBoard,Normal,2175.0,3.0,12,11,175000.0
7,1557,2.0,420.0,1374.0,1557,2003,2004,Gd,Gd,Gd,Fin,0,2,7,2003.0,1,18.0,0.0,3196,Gd,Attchd,1Story,VinylSd,Normal,2931.0,2.0,3,2,234000.0
5,1392,2.0,528.0,1392.0,1392,1957,1996,TA,TA,Gd,Unf,0,1,5,1957.0,1,180.0,1302.0,11341,No,Detchd,1Story,Wd Sdng,Normal,2784.0,2.5,53,14,121500.0
5,1389,2.0,418.0,1389.0,1389,1974,1975,TA,TA,Gd,RFn,0,1,6,1975.0,1,0.0,1071.0,10010,Av,Attchd,1Story,HdBoard,Normal,2778.0,2.0,32,31,170000.0
5,996,0.0,0.0,996.0,996,1940,1969,TA,TA,TA,,0,1,6,,1,0.0,290.0,13907,No,,1Story,WdShing,Normal,1992.0,2.0,68,39,108000.0
6,1674,2.0,396.0,1163.0,1163,1918,1950,TA,TA,Gd,Fin,511,2,8,1955.0,1,0.0,0.0,21780,Mn,Detchd,1.5Fin,Wd Sdng,Normal,2837.0,2.0,90,58,185000.0
7,2295,2.0,590.0,1095.0,1166,1992,2000,Gd,Gd,Gd,RFn,1129,2,9,1992.0,1,0.0,728.0,13346,No,Attchd,2Story,HdBoard,Normal,3390.0,3.5,14,6,268000.0
6,1647,1.0,216.0,806.0,841,1915,1950,Fa,TA,Gd,Unf,806,1,6,1920.0,0,0.0,0.0,6858,No,Detchd,2Story,Wd Sdng,Normal,2453.0,2.5,95,60,128000.0
9,2504,3.0,656.0,1122.0,1134,2005,2007,Ex,Gd,Gd,Fin,1370,2,11,2005.0,1,245.0,0.0,11198,No,BuiltIn,2Story,VinylSd,Normal,3626.0,2.5,3,1,325000.0
7,1535,2.0,532.0,1517.0,1535,2004,2004,Gd,Gd,Gd,RFn,0,2,7,2004.0,0,168.0,2.0,10171,No,Attchd,1Story,VinylSd,Normal,3052.0,2.0,6,6,214000.0
8,2132,2.0,612.0,1496.0,1496,1983,2009,Gd,Gd,Gd,Fin,636,1,5,1983.0,1,0.0,1441.0,12327,Gd,BuiltIn,1.5Fin,Wd Sdng,Normal,3628.0,2.5,26,0,316600.0
5,943,2.0,600.0,943.0,943,1979,1979,TA,TA,Gd,Unf,0,1,4,1979.0,2,0.0,943.0,7032,Gd,Detchd,SFoyer,MetalSd,Normal,1886.0,2.0,27,27,135960.0
5,1728,2.0,576.0,1728.0,1728,1965,1965,TA,TA,TA,Unf,0,2,10,1987.0,0,108.0,231.0,13101,No,Detchd,1Story,HdBoard,Normal,3456.0,2.0,43,43,142600.0
6,864,1.0,288.0,864.0,864,1959,1959,Gd,TA,TA,Unf,0,1,4,1959.0,0,207.0,414.0,7332,No,Attchd,1Story,WdShing,Abnorml,1728.0,2.0,47,47,120000.0
7,1692,2.0,650.0,846.0,846,2009,2009,Gd,TA,Ex,RFn,846,2,6,2009.0,0,0.0,0.0,13159,Av,Attchd,2Story,VinylSd,Partial,2538.0,2.5,0,0,224500.0
7,1430,2.0,400.0,384.0,774,2000,2000,TA,TA,Gd,RFn,656,2,8,2000.0,1,0.0,0.0,9967,No,BuiltIn,SLvl,VinylSd,Normal,1814.0,2.5,7,7,170000.0
5,1109,1.0,288.0,372.0,576,1971,2005,TA,TA,TA,Unf,533,1,5,1971.0,0,82.0,349.0,10500,Av,BuiltIn,SLvl,MetalSd,Normal,1481.0,1.5,36,2,139000.0
5,1216,1.0,336.0,832.0,832,1947,1950,TA,TA,TA,Unf,384,1,6,1947.0,0,0.0,442.0,8480,No,Detchd,1.5Fin,MetalSd,Abnorml,2048.0,1.0,61,58,118500.0
7,1477,1.0,216.0,861.0,877,1928,1950,TA,TA,TA,Unf,600,2,6,1928.0,1,0.0,0.0,6292,No,Detchd,1.5Fin,Wd Sdng,Normal,2338.0,2.5,81,59,145000.0
5,1320,2.0,564.0,1164.0,1320,1966,1966,TA,TA,TA,RFn,0,1,6,1966.0,2,97.0,328.0,11777,Av,Attchd,SLvl,VinylSd,Abnorml,2484.0,2.0,40,40,164500.0
7,1392,2.0,540.0,689.0,703,2007,2007,Gd,Gd,Gd,Unf,689,2,5,2007.0,0,0.0,0.0,3604,No,Detchd,2Story,VinylSd,Abnorml,2081.0,2.0,1,1,146000.0
5,1795,1.0,352.0,1050.0,1050,1954,1954,TA,TA,TA,Unf,745,2,7,1954.0,0,335.0,0.0,12150,No,Attchd,1.5Fin,MetalSd,Normal,2845.0,2.0,54,54,131500.0
6,1429,2.0,572.0,1144.0,1429,1960,1987,Gd,TA,TA,Unf,0,1,7,1960.0,2,85.0,594.0,14585,No,Attchd,1Story,Wd Sdng,Normal,2573.0,1.5,47,20,181900.0
8,2042,3.0,1390.0,2042.0,2042,2008,2009,Ex,Ex,Ex,RFn,0,2,8,2009.0,1,306.0,0.0,12704,No,Attchd,1Story,VinylSd,Partial,4084.0,2.5,1,0,253293.0
6,816,0.0,0.0,816.0,816,1990,1990,TA,TA,Gd,,0,1,5,,0,104.0,816.0,11841,Av,,SFoyer,HdBoard,Normal,1632.0,2.0,17,17,118500.0
10,2775,2.0,880.0,1237.0,1521,1893,2000,Gd,Ex,TA,Unf,1254,3,9,1988.0,1,0.0,0.0,13500,No,Detchd,2.5Unf,Wd Sdng,Normal,4012.0,3.5,115,8,325000.0
4,1573,1.0,240.0,884.0,989,1935,1995,Gd,TA,TA,Unf,584,1,6,1935.0,0,0.0,0.0,6120,No,Detchd,1.5Fin,AsbShng,Normal,2457.0,1.0,74,14,133000.0
8,2028,3.0,880.0,1868.0,2028,2005,2006,Gd,Gd,Ex,RFn,0,2,7,2005.0,2,208.0,1460.0,11443,Gd,Attchd,1Story,VinylSd,Partial,3896.0,3.0,1,0,369900.0
6,838,1.0,275.0,816.0,838,1918,2000,Fa,TA,TA,Fin,0,1,5,1961.0,0,0.0,210.0,10267,Mn,Detchd,1Story,Stucco,Normal,1654.0,2.0,90,8,130000.0
5,860,2.0,528.0,840.0,860,1982,1982,TA,TA,TA,Unf,0,1,4,1996.0,0,0.0,672.0,8740,Av,Detchd,SFoyer,HdBoard,Normal,1700.0,2.0,27,27,137000.0
5,1473,1.0,452.0,1437.0,1473,1968,2003,Ex,TA,TA,Unf,0,1,5,1968.0,2,0.0,1324.0,25095,Gd,Attchd,1Story,Wd Sdng,Partial,2910.0,3.0,41,6,143000.0
5,935,1.0,308.0,742.0,779,1930,1960,TA,TA,TA,Unf,0,1,4,1988.0,0,0.0,0.0,9100,No,Detchd,1Story,VinylSd,Normal,1521.0,1.0,78,48,79500.0
7,1582,2.0,520.0,770.0,770,2004,2004,Gd,Gd,Gd,RFn,812,2,6,2004.0,0,0.0,490.0,8320,No,Attchd,2Story,VinylSd,Normal,2352.0,2.5,4,4,185900.0
10,2296,3.0,842.0,1722.0,1728,2008,2008,Ex,Ex,Ex,RFn,568,2,10,2008.0,1,420.0,1338.0,13478,Gd,BuiltIn,2Story,CemntBd,Normal,4018.0,3.5,1,1,451950.0
5,816,2.0,816.0,816.0,816,1982,2003,TA,TA,TA,Fin,0,1,4,1985.0,0,0.0,816.0,6600,No,Detchd,1Story,HdBoard,Normal,1632.0,2.0,26,5,138000.0
6,848,2.0,420.0,848.0,848,2003,2003,Gd,Gd,Gd,Fin,0,1,4,2003.0,0,170.0,685.0,4435,Av,Attchd,1Story,VinylSd,Normal,1696.0,2.0,6,6,140000.0
5,924,1.0,280.0,924.0,924,1975,1975,TA,TA,Gd,Unf,0,1,5,1981.0,0,0.0,0.0,7990,No,Detchd,1Story,HdBoard,Normal,1848.0,1.0,33,33,110000.0
8,1826,3.0,758.0,1814.0,1826,2005,2006,Gd,Gd,Gd,Fin,0,2,7,2005.0,1,238.0,1422.0,11302,Gd,Attchd,1Story,VinylSd,Partial,3640.0,3.0,1,0,319000.0
6,1368,1.0,216.0,684.0,684,1910,1993,TA,TA,TA,Unf,684,1,7,1930.0,0,0.0,0.0,3600,No,Detchd,2Story,VinylSd,Normal,2052.0,1.0,96,13,114504.0
7,1402,3.0,648.0,1258.0,1402,2006,2007,Gd,Gd,Ex,Fin,0,0,7,2006.0,1,72.0,0.0,3922,Av,Attchd,1Story,VinylSd,Partial,2660.0,2.0,1,0,194201.0
5,1647,2.0,621.0,1430.0,1647,1977,1977,Gd,TA,Gd,Fin,0,2,7,1977.0,1,459.0,1283.0,12984,Mn,Attchd,1Story,Plywood,Normal,3077.0,3.0,29,29,217500.0
6,1556,2.0,452.0,716.0,716,1980,1980,TA,TA,Gd,Fin,840,2,6,1980.0,1,0.0,81.0,1950,No,Attchd,2Story,MetalSd,Normal,2272.0,3.5,28,28,151000.0
8,1904,2.0,736.0,1058.0,1058,2005,2005,Ex,Gd,Gd,Fin,846,2,8,2003.0,1,280.0,546.0,10927,Av,BuiltIn,2Story,VinylSd,Normal,2962.0,3.5,1,1,275000.0
6,1375,1.0,544.0,780.0,780,1937,1950,Gd,TA,TA,Unf,595,1,6,1979.0,1,0.0,0.0,9000,No,Detchd,1.5Fin,Wd Sdng,Normal,2155.0,1.5,70,57,141000.0
8,1915,2.0,506.0,908.0,927,1992,1992,Gd,Gd,Gd,Fin,988,2,8,1992.0,1,0.0,789.0,10041,Mn,Attchd,2Story,HdBoard,Abnorml,2823.0,3.5,14,14,220000.0
7,1200,2.0,480.0,600.0,600,2004,2005,Gd,Gd,Gd,RFn,600,2,4,2004.0,0,0.0,0.0,3182,No,Detchd,2Story,MetalSd,Normal,1800.0,2.5,6,5,151000.0
7,1494,2.0,530.0,1494.0,1494,2002,2002,Gd,Gd,Gd,RFn,0,2,6,2002.0,1,99.0,922.0,12803,Mn,Attchd,1Story,VinylSd,Normal,2988.0,3.0,6,6,221000.0
7,1986,2.0,486.0,768.0,1186,1965,1990,TA,TA,TA,Unf,800,2,7,1965.0,3,176.0,454.0,13600,No,Attchd,2Story,HdBoard,Normal,2754.0,2.5,44,19,205000.0
5,1040,2.0,576.0,1040.0,1040,1996,1996,Gd,TA,Gd,Unf,0,1,6,2000.0,0,0.0,732.0,12464,No,Detchd,1Story,VinylSd,Normal,2080.0,2.0,13,13,152000.0
5,2008,1.0,230.0,896.0,1112,1948,2002,Ex,TA,TA,Unf,896,3,8,1948.0,0,0.0,603.0,7800,No,Attchd,2Story,MetalSd,Normal,2904.0,4.0,58,4,225000.0
8,3194,2.0,380.0,965.0,1940,1934,1998,TA,TA,Gd,Unf,1254,2,10,1934.0,2,0.0,428.0,12168,Mn,Basment,2Story,BrkFace,Alloca,4159.0,2.5,73,9,359100.0
4,1029,1.0,261.0,1029.0,1029,1961,1961,TA,TA,TA,Unf,0,1,5,1961.0,0,192.0,903.0,7943,Mn,Attchd,1Story,VinylSd,Normal,2058.0,2.0,46,46,118500.0
9,2153,3.0,736.0,1440.0,1476,2000,2000,Ex,Gd,Ex,Fin,677,2,8,2000.0,2,204.0,904.0,11050,Mn,Attchd,2Story,VinylSd,Normal,3593.0,3.5,9,9,313000.0
6,1032,2.0,564.0,1032.0,1032,1978,1978,TA,TA,Gd,Unf,0,2,6,1978.0,1,233.0,605.0,10395,Av,Attchd,SLvl,HdBoard,Normal,2064.0,2.5,29,29,148000.0
8,1872,2.0,531.0,1299.0,1299,2001,2001,Ex,Gd,Gd,RFn,573,2,7,2001.0,1,108.0,990.0,11885,Av,BuiltIn,2Story,VinylSd,Normal,3171.0,3.5,8,8,261500.0
5,1120,0.0,0.0,1120.0,1120,2007,2007,TA,TA,Gd,,0,1,6,,0,0.0,206.0,8402,No,,1Story,VinylSd,Partial,2240.0,1.0,0,0,147000.0
4,630,0.0,0.0,630.0,630,1972,1972,TA,TA,Gd,,0,1,3,,0,0.0,150.0,1491,Av,,SFoyer,CemntBd,Normal,1260.0,2.0,38,38,75500.0
6,1054,2.0,480.0,936.0,1054,1963,1963,Gd,TA,TA,RFn,0,1,6,1963.0,0,156.0,763.0,8800,Gd,Attchd,SFoyer,MetalSd,Abnorml,1990.0,2.0,47,47,137500.0
6,1509,2.0,393.0,783.0,807,2002,2003,Gd,Gd,Gd,Fin,702,2,7,2002.0,1,0.0,457.0,7861,No,Attchd,2Story,VinylSd,Normal,2292.0,3.5,4,3,183200.0
6,832,2.0,528.0,832.0,832,1954,1954,Gd,TA,TA,Unf,0,1,4,1962.0,0,0.0,0.0,7227,No,Detchd,1.5Unf,MetalSd,Normal,1664.0,1.0,54,54,105500.0
9,1828,3.0,774.0,1822.0,1828,2007,2007,Gd,Ex,Ex,Unf,0,2,9,2007.0,1,452.0,48.0,11694,Av,Attchd,1Story,CemntBd,Partial,3650.0,2.0,0,0,314813.0
8,2262,3.0,749.0,1482.0,1482,2003,2003,Gd,Gd,Gd,Fin,780,2,10,2003.0,2,226.0,871.0,12244,Gd,Attchd,2Story,VinylSd,Normal,3744.0,3.5,5,5,305000.0
3,864,0.0,0.0,864.0,864,1914,1950,TA,TA,TA,,0,1,5,,0,0.0,41.0,8248,No,,1Story,Stucco,Normal,1728.0,2.0,94,58,67000.0
6,2614,2.0,624.0,1522.0,1548,1974,1997,TA,TA,TA,RFn,1066,2,9,1974.0,1,0.0,956.0,10800,No,Attchd,2Story,HdBoard,Normal,4136.0,2.5,34,11,240000.0
5,980,2.0,484.0,980.0,980,1977,1977,TA,TA,TA,Unf,0,1,6,1986.0,0,153.0,560.0,7064,No,Detchd,1Story,Plywood,Normal,1960.0,1.0,32,32,135000.0
6,1512,2.0,440.0,756.0,756,2000,2000,Gd,Gd,Gd,Unf,756,2,4,2000.0,1,513.0,420.0,2117,No,Detchd,2Story,MetalSd,Normal,2268.0,2.5,7,7,168500.0
6,1790,2.0,484.0,732.0,1012,1972,1972,TA,TA,TA,RFn,778,1,8,1972.0,1,288.0,247.0,10400,No,Attchd,2Story,VinylSd,Normal,2522.0,3.0,34,34,165150.0
6,1116,2.0,440.0,1116.0,1116,1962,1962,TA,TA,TA,Unf,0,1,5,1962.0,0,261.0,0.0,10000,No,Attchd,1Story,Wd Sdng,Normal,2232.0,1.5,48,48,160000.0
5,1422,1.0,286.0,978.0,1422,1960,1978,TA,TA,TA,RFn,0,1,6,1960.0,1,0.0,0.0,12342,No,Attchd,1Story,Wd Sdng,Normal,2400.0,1.0,47,29,139900.0
6,1520,1.0,364.0,1156.0,1520,1955,1972,TA,TA,TA,RFn,0,1,7,1955.0,2,164.0,674.0,9600,Av,Basment,SLvl,AsbShng,Normal,2676.0,2.0,55,38,153000.0
5,2080,2.0,504.0,1040.0,1040,1969,1969,Fa,TA,Gd,Unf,1040,1,9,1969.0,2,192.0,650.0,11606,Av,Attchd,2Story,Plywood,Family,3120.0,2.5,38,38,135000.0
6,1350,2.0,520.0,1248.0,1350,1964,1964,TA,TA,TA,RFn,0,1,6,1964.0,0,259.0,624.0,9020,Gd,Attchd,SLvl,Plywood,Normal,2598.0,2.5,44,44,168500.0
5,1750,1.0,240.0,636.0,1089,1880,1991,Ex,TA,Fa,Unf,661,1,8,1937.0,0,0.0,0.0,9000,No,Detchd,2Story,VinylSd,Abnorml,2386.0,1.0,126,15,124000.0
8,1554,2.0,627.0,1554.0,1554,2006,2006,Gd,Gd,Gd,RFn,0,2,6,2006.0,1,108.0,24.0,4590,Mn,Attchd,1Story,VinylSd,Normal,3108.0,2.0,1,1,209500.0
7,1411,2.0,544.0,1386.0,1411,1977,1977,TA,TA,TA,Fin,0,2,6,1977.0,1,209.0,822.0,11900,No,Attchd,1Story,Plywood,Family,2797.0,2.0,32,32,82500.0
5,1056,1.0,260.0,1056.0,1056,1954,2005,TA,TA,TA,Unf,0,1,6,1954.0,0,0.0,480.0,9250,No,Attchd,1Story,Wd Sdng,Normal,2112.0,1.5,53,2,139400.0
6,1056,2.0,576.0,1056.0,1056,1980,1980,TA,TA,TA,Unf,0,0,4,1980.0,0,0.0,1056.0,6979,No,Detchd,SFoyer,Plywood,Normal,2112.0,2.0,30,30,144000.0
6,3395,0.0,0.0,1440.0,1440,1914,1995,Fa,Fa,TA,,1440,2,14,,0,0.0,256.0,10896,No,,2.5Fin,VinylSd,Abnorml,4320.0,2.0,93,12,200000.0
2,800,0.0,0.0,264.0,800,1936,1950,Fa,Fa,TA,,0,1,4,,1,0.0,0.0,6120,No,,1Story,AsbShng,Normal,1064.0,1.0,73,59,60000.0
5,1387,1.0,256.0,811.0,811,1954,1954,Gd,TA,TA,Unf,576,2,7,1954.0,0,0.0,0.0,6000,No,BuiltIn,1.5Fin,Wd Sdng,Normal,2198.0,2.0,55,55,93000.0
5,796,0.0,0.0,796.0,796,1910,1950,TA,TA,Fa,,0,1,4,,0,0.0,0.0,8777,No,,1Story,MetalSd,Normal,1592.0,1.0,98,58,85000.0
8,1567,3.0,648.0,1520.0,1567,2006,2006,Ex,Gd,Gd,Fin,0,2,7,2006.0,1,0.0,1154.0,3982,Av,Attchd,1Story,VinylSd,Partial,3087.0,3.0,0,0,264561.0
8,1518,2.0,588.0,1518.0,1518,2003,2004,Ex,Ex,Ex,RFn,0,1,6,2003.0,1,472.0,1218.0,12677,Gd,Attchd,1Story,MetalSd,Normal,3036.0,1.5,5,4,274000.0
7,1929,2.0,650.0,1057.0,1057,2001,2001,Gd,Gd,Gd,Fin,872,2,7,2001.0,1,0.0,738.0,7050,No,Attchd,2Story,VinylSd,Normal,2986.0,3.5,6,6,226000.0
8,2704,2.0,538.0,1952.0,2000,1972,1995,Ex,Gd,Gd,Fin,704,2,9,1972.0,3,0.0,1410.0,13860,Gd,Attchd,SLvl,Plywood,Normal,4656.0,3.5,37,14,345000.0
5,1620,2.0,462.0,780.0,780,1969,1969,TA,TA,TA,Fin,840,2,7,1969.0,0,263.0,493.0,10793,No,Attchd,2Story,WdShing,Normal,2400.0,2.5,38,38,152000.0
9,1766,3.0,478.0,1766.0,1766,2009,2009,Ex,Ex,Ex,Fin,0,2,7,2009.0,1,162.0,1121.0,9187,Mn,Attchd,1Story,CemntBd,Partial,3532.0,3.5,0,0,370878.0
6,981,2.0,576.0,981.0,981,1971,1971,TA,TA,TA,Unf,0,1,5,1979.0,0,0.0,282.0,10530,No,Detchd,1Story,Plywood,Normal,1962.0,2.5,36,36,143250.0
5,1048,2.0,420.0,0.0,1048,1950,1950,TA,TA,,Unf,0,1,7,1950.0,0,0.0,0.0,7200,,Detchd,1Story,MetalSd,Normal,1048.0,1.0,58,58,98300.0
6,1094,2.0,495.0,1094.0,1094,1953,1953,TA,TA,TA,RFn,0,1,5,1953.0,2,216.0,500.0,10452,Mn,Attchd,1Story,Wd Sdng,Normal,2188.0,1.0,55,55,155000.0
6,1839,2.0,442.0,756.0,1051,1966,1966,TA,TA,TA,Unf,788,1,7,1966.0,1,351.0,0.0,7700,No,Attchd,2Story,MetalSd,Normal,2595.0,1.5,44,44,155000.0
4,630,0.0,0.0,630.0,630,1970,1970,TA,TA,Gd,,0,1,3,,0,0.0,131.0,1936,Av,,SFoyer,CemntBd,Normal,1260.0,2.0,37,37,84500.0
7,1665,2.0,562.0,813.0,822,2007,2007,Gd,Gd,Gd,RFn,843,2,7,2007.0,0,0.0,0.0,8125,No,Attchd,2Story,CemntBd,Normal,2478.0,2.5,1,1,205950.0
4,1510,1.0,296.0,755.0,755,1940,1950,TA,TA,TA,Unf,755,1,7,1940.0,1,0.0,0.0,9084,Mn,Detchd,2Story,MetalSd,Normal,2265.0,2.0,69,59,108000.0
7,1716,2.0,512.0,880.0,909,1996,1996,Gd,Gd,Gd,RFn,807,2,7,1996.0,1,0.0,0.0,8750,No,Attchd,2Story,VinylSd,Normal,2596.0,2.5,13,13,191000.0
6,1469,1.0,216.0,756.0,756,1906,1995,TA,TA,TA,Unf,713,1,7,1906.0,0,0.0,0.0,10320,No,Detchd,1.5Fin,MetalSd,Normal,2225.0,1.0,102,13,135000.0
8,2113,3.0,839.0,2109.0,2113,1995,1995,Gd,Gd,Gd,Fin,0,2,7,1995.0,1,660.0,1696.0,10437,Gd,Attchd,1Story,MetalSd,Normal,4222.0,3.5,13,13,350000.0
6,1092,1.0,264.0,525.0,525,1971,1971,TA,TA,TA,Unf,567,1,6,1971.0,0,381.0,0.0,1680,No,Detchd,2Story,HdBoard,Family,1617.0,1.5,39,39,88000.0
5,1053,1.0,312.0,1053.0,1053,1959,2006,Gd,Gd,TA,RFn,0,1,5,1959.0,0,54.0,806.0,10007,No,Attchd,1Story,HdBoard,Normal,2106.0,2.5,49,2,145500.0
7,1502,1.0,270.0,776.0,851,1931,2000,TA,TA,Gd,RFn,651,1,6,1931.0,1,0.0,0.0,7200,No,Attchd,2Story,Stucco,Normal,2278.0,1.5,77,8,149000.0
6,1458,1.0,330.0,912.0,912,1948,1950,TA,TA,TA,Unf,546,1,6,1948.0,1,0.0,0.0,17503,No,Attchd,1.5Fin,VinylSd,Abnorml,2370.0,1.5,62,60,97500.0
5,1486,2.0,480.0,1486.0,1486,1964,1999,TA,TA,TA,Fin,0,1,7,1968.0,0,0.0,637.0,9937,No,Detchd,1Story,MetalSd,Normal,2972.0,2.0,45,10,167000.0
7,1935,2.0,550.0,793.0,1142,1976,1976,TA,TA,Gd,RFn,793,2,7,1976.0,1,233.0,0.0,12384,No,Attchd,2Story,Plywood,Normal,2728.0,2.5,31,31,197900.0
8,2448,3.0,711.0,1629.0,1686,1994,2005,Gd,Gd,Gd,RFn,762,2,8,1994.0,1,528.0,1361.0,46589,No,Attchd,2Story,VinylSd,Normal,4077.0,3.5,15,4,402000.0
6,1392,2.0,576.0,1392.0,1392,1968,1968,TA,TA,Fa,RFn,0,1,5,1968.0,2,216.0,0.0,13560,No,Attchd,1Story,Wd Sdng,Normal,2784.0,2.0,41,41,110000.0
4,1181,2.0,588.0,1138.0,1181,1972,1972,TA,TA,Gd,RFn,0,2,6,1974.0,0,0.0,920.0,10012,Av,Detchd,SFoyer,Plywood,Normal,2319.0,3.0,36,36,137500.0
8,2097,3.0,1134.0,2077.0,2097,2005,2006,Ex,Gd,Ex,Fin,0,1,8,2005.0,1,0.0,1721.0,20896,Mn,Attchd,1Story,VinylSd,Partial,4174.0,2.5,1,0,423000.0
8,1936,2.0,504.0,1406.0,1454,2000,2000,Gd,Gd,Gd,RFn,482,2,7,2000.0,1,40.0,0.0,11194,No,Attchd,2Story,VinylSd,Normal,3342.0,2.5,6,6,230500.0
6,2380,2.0,596.0,1021.0,1465,1965,1979,TA,TA,Gd,Unf,915,2,7,1965.0,1,113.0,187.0,18450,No,CarPort,2Story,Plywood,Abnorml,3401.0,2.5,42,28,129000.0
6,1679,2.0,575.0,1408.0,1679,1994,1998,Gd,TA,Gd,RFn,0,2,7,1994.0,1,258.0,1138.0,8125,No,Attchd,1Story,HdBoard,Normal,3087.0,3.0,14,10,193500.0
5,1437,2.0,576.0,1188.0,1437,1956,1987,TA,TA,TA,Unf,0,1,6,1999.0,1,0.0,988.0,14175,No,Detchd,1Story,CemntBd,Normal,2625.0,2.5,50,19,168000.0
4,1180,1.0,252.0,700.0,1180,1922,1950,Fa,TA,Fa,Unf,0,1,5,1922.0,1,0.0,0.0,11600,No,Detchd,1Story,MetalSd,Normal,1880.0,1.0,84,56,137500.0
6,1476,2.0,540.0,738.0,738,2005,2005,Gd,Gd,Gd,Fin,738,2,7,2005.0,0,0.0,193.0,8633,No,Attchd,2Story,VinylSd,Normal,2214.0,3.5,4,4,173500.0
6,1369,1.0,300.0,672.0,697,1925,1950,TA,TA,TA,Unf,672,2,6,1930.0,0,0.0,551.0,6629,No,Detchd,2Story,Wd Sdng,Normal,2041.0,3.0,84,59,103600.0
6,1208,2.0,546.0,1208.0,1208,1977,1977,TA,Gd,Gd,RFn,0,1,6,1977.0,1,0.0,767.0,11250,No,Attchd,1Story,Plywood,Normal,2416.0,2.5,29,29,165000.0
6,1839,2.0,416.0,1477.0,1839,1957,2004,Gd,TA,TA,Fin,0,2,7,1957.0,2,106.0,1186.0,14442,No,Attchd,1Story,CemntBd,Normal,3316.0,3.0,50,3,257500.0
6,1136,1.0,384.0,1136.0,1136,1965,1965,TA,TA,TA,RFn,0,1,5,1965.0,1,0.0,892.0,9200,No,Attchd,1Story,HdBoard,Normal,2272.0,2.0,43,43,140000.0
6,1441,2.0,440.0,855.0,855,1978,1978,TA,TA,TA,Unf,586,2,7,1978.0,1,0.0,311.0,2289,No,Attchd,2Story,Plywood,Normal,2296.0,2.5,31,31,148500.0
4,1774,3.0,779.0,1095.0,1095,1900,1950,TA,TA,TA,Unf,679,2,8,1920.0,0,0.0,0.0,9600,No,2Types,2Story,AsbShng,Normal,2869.0,3.0,106,56,87000.0
5,792,1.0,240.0,768.0,792,1924,2006,Gd,Gd,TA,Unf,0,1,5,1924.0,0,0.0,0.0,9022,No,Detchd,1Story,VinylSd,Normal,1560.0,1.0,85,3,109500.0
8,2046,3.0,834.0,2046.0,2046,2008,2008,Gd,Gd,Ex,Fin,0,2,7,2008.0,1,464.0,0.0,11844,Mn,Attchd,1Story,VinylSd,Partial,4092.0,2.5,1,1,372500.0
5,988,2.0,572.0,988.0,988,1961,1961,TA,TA,TA,Unf,0,1,5,1963.0,0,57.0,827.0,9945,No,Detchd,1Story,Wd Sdng,Normal,1976.0,2.0,46,46,128500.0
6,923,1.0,264.0,923.0,923,1980,1980,TA,TA,Gd,RFn,0,2,5,1980.0,1,0.0,543.0,8012,No,Attchd,1Story,Plywood,Normal,1846.0,2.0,30,30,143000.0
5,1520,1.0,281.0,793.0,848,1932,2000,TA,TA,TA,Unf,672,1,6,1968.0,0,0.0,182.0,4500,No,Detchd,1.5Fin,VinylSd,Abnorml,2313.0,1.0,77,9,159434.0
6,1291,2.0,431.0,1291.0,1291,1996,1997,Gd,TA,Gd,Unf,0,1,6,1996.0,1,0.0,1003.0,2887,Mn,Attchd,1Story,Wd Sdng,Normal,2582.0,2.0,12,11,173000.0
9,1668,3.0,702.0,1626.0,1668,2002,2002,Gd,Gd,Gd,Fin,0,2,7,2002.0,1,215.0,1059.0,11248,Av,Attchd,1Story,VinylSd,Normal,3294.0,3.0,5,5,285000.0
7,1839,2.0,486.0,1195.0,1195,1998,1998,TA,Gd,Gd,Fin,644,2,7,1998.0,0,30.0,0.0,16770,No,Attchd,2Story,VinylSd,Normal,3034.0,2.5,12,12,221000.0
7,2090,2.0,577.0,1190.0,1190,1984,1984,Gd,Gd,Gd,Fin,900,2,6,1984.0,1,0.0,828.0,5062,Mn,Attchd,2Story,HdBoard,Normal,3280.0,3.0,23,23,207500.0
7,1761,2.0,578.0,874.0,874,2007,2007,Gd,Gd,Gd,Fin,887,3,7,2007.0,0,0.0,0.0,10207,No,Attchd,2Story,VinylSd,Partial,2635.0,3.0,0,0,227875.0
7,1102,2.0,480.0,551.0,551,2004,2004,Gd,Gd,Gd,Unf,551,2,4,2004.0,0,0.0,239.0,5105,No,Detchd,2Story,MetalSd,Normal,1653.0,2.5,3,3,148800.0
8,1419,2.0,567.0,1419.0,1419,2007,2007,Gd,Gd,Gd,RFn,0,2,7,2007.0,1,0.0,945.0,8089,Av,Attchd,1Story,MetalSd,Partial,2838.0,3.0,0,0,392000.0
6,1362,2.0,460.0,1362.0,1362,2005,2006,Gd,Gd,Gd,RFn,0,2,6,2005.0,1,256.0,20.0,7577,Av,Attchd,1Story,VinylSd,Normal,2724.0,2.0,2,1,194700.0
6,848,2.0,420.0,848.0,848,2004,2004,Gd,Gd,Gd,RFn,0,1,3,2004.0,1,147.0,697.0,4426,Gd,Attchd,1Story,VinylSd,Normal,1696.0,2.0,4,4,141000.0
10,4316,3.0,832.0,2444.0,2444,1994,1995,Ex,Ex,Ex,Fin,1872,3,10,1994.0,2,1170.0,1455.0,21535,Gd,Attchd,2Story,HdBoard,Normal,6760.0,4.0,13,12,755000.0
7,2519,2.0,628.0,1210.0,1238,1989,1990,Gd,Gd,Gd,RFn,1281,2,9,1989.0,2,293.0,965.0,26178,Gd,Attchd,2Story,MetalSd,Normal,3729.0,3.5,17,16,335000.0
5,1073,1.0,326.0,1073.0,1073,1921,1968,TA,TA,TA,Unf,0,1,4,1968.0,0,0.0,0.0,5400,No,Detchd,1Story,MetalSd,Abnorml,2146.0,1.0,85,38,108480.0
5,1539,2.0,576.0,927.0,1067,1936,1950,TA,TA,TA,Unf,472,1,5,1995.0,0,0.0,0.0,6120,No,Detchd,1.5Fin,Wd Sdng,Normal,2466.0,1.5,73,59,141500.0
6,1137,2.0,551.0,1112.0,1137,1987,1987,Gd,TA,Gd,Unf,0,2,5,1987.0,1,72.0,980.0,13811,No,Attchd,1Story,HdBoard,Normal,2249.0,3.0,19,19,176000.0
5,616,1.0,205.0,616.0,616,1921,1950,TA,TA,TA,Unf,0,1,4,1921.0,0,0.0,616.0,6000,No,Detchd,1Story,Wd Sdng,Normal,1232.0,1.0,85,56,89000.0
5,1148,1.0,308.0,980.0,1148,1952,1952,TA,TA,Ex,Unf,0,1,6,1952.0,0,0.0,210.0,6420,Mn,Detchd,1Story,Wd Sdng,Normal,2128.0,1.5,54,54,123500.0
5,894,1.0,336.0,894.0,894,1965,2009,TA,TA,TA,Unf,0,1,5,1973.0,1,0.0,553.0,8450,No,Detchd,1Story,MetalSd,Normal,1788.0,2.0,45,1,138500.0
7,1391,2.0,530.0,1391.0,1391,2004,2004,Gd,Gd,Gd,RFn,0,2,5,2004.0,0,0.0,16.0,4282,Mn,Attchd,1Story,MetalSd,Normal,2782.0,2.0,4,4,196000.0
8,1800,3.0,765.0,1800.0,1800,2002,2002,Gd,Gd,Ex,Fin,0,2,7,2002.0,1,630.0,1274.0,14331,Gd,Attchd,1Story,VinylSd,Normal,3600.0,3.0,4,4,312500.0
7,1164,2.0,528.0,1164.0,1164,1969,1969,TA,TA,TA,Unf,0,1,6,1969.0,0,168.0,0.0,9600,No,Attchd,1Story,HdBoard,Normal,2328.0,1.5,37,37,140000.0
8,2576,3.0,666.0,1234.0,1264,2006,2006,Ex,Ex,Ex,Fin,1312,2,10,2006.0,1,466.0,0.0,12438,No,BuiltIn,2Story,VinylSd,Partial,3810.0,2.5,0,0,361919.0
5,1812,2.0,672.0,360.0,1032,1900,1996,Gd,TA,Gd,Unf,780,2,8,1999.0,1,0.0,0.0,7630,No,Detchd,2Story,Wd Sdng,Normal,2172.0,2.0,110,14,140000.0
7,1484,2.0,606.0,1473.0,1484,2004,2005,Gd,Gd,Gd,RFn,0,2,7,2004.0,0,109.0,712.0,8400,Av,Attchd,1Story,VinylSd,Normal,2957.0,3.0,6,5,213000.0
4,1092,0.0,0.0,0.0,372,1930,1950,Fa,Fa,,,720,2,7,,0,0.0,0.0,5600,,,2Story,VinylSd,Normal,1092.0,2.0,80,60,55000.0
7,1824,2.0,739.0,1643.0,1824,1971,2002,Gd,TA,Gd,Unf,0,2,5,1971.0,2,351.0,1219.0,115149,Gd,Attchd,1Story,Plywood,Normal,3467.0,3.0,36,5,302000.0
8,1324,2.0,550.0,1324.0,1324,2006,2006,Gd,Gd,Gd,Fin,0,2,6,2006.0,1,176.0,863.0,6240,No,Attchd,1Story,MetalSd,Normal,2648.0,3.0,3,3,254000.0
7,1456,2.0,400.0,728.0,728,2007,2007,Gd,Gd,Gd,Fin,728,2,8,2007.0,1,0.0,0.0,9018,Av,Attchd,2Story,VinylSd,Partial,2184.0,2.5,0,0,179540.0
5,904,1.0,408.0,876.0,904,1966,1966,TA,TA,TA,Unf,0,1,6,1966.0,0,41.0,0.0,7162,No,Attchd,1Story,HdBoard,Abnorml,1780.0,1.0,42,42,109900.0
3,729,0.0,0.0,270.0,729,1935,2003,TA,Gd,TA,,0,1,5,,0,0.0,0.0,4130,No,,1Story,VinylSd,Normal,999.0,1.0,73,5,52000.0
4,1178,1.0,384.0,859.0,859,1900,1950,TA,TA,TA,RFn,319,1,7,1964.0,0,0.0,0.0,8712,Mn,Detchd,1.5Fin,MetalSd,Abnorml,2037.0,1.0,110,60,102776.0
8,1228,2.0,472.0,1228.0,1228,1988,1989,Gd,Gd,Gd,Fin,0,2,5,1988.0,1,0.0,767.0,4671,Mn,Attchd,1Story,HdBoard,Normal,2456.0,3.0,20,19,189000.0
4,960,2.0,576.0,960.0,960,1970,1970,TA,TA,TA,Unf,0,1,6,1970.0,0,160.0,789.0,9873,Av,Detchd,1Story,HdBoard,Normal,1920.0,2.0,36,36,129000.0
6,1479,2.0,475.0,725.0,725,1976,2005,Gd,Gd,TA,RFn,754,2,6,1976.0,0,289.0,533.0,13517,No,Attchd,2Story,HdBoard,Normal,2204.0,2.5,34,5,130500.0
6,1350,2.0,478.0,1064.0,1350,1974,1974,TA,TA,Gd,RFn,0,2,7,1974.0,1,174.0,0.0,10140,No,Attchd,1Story,HdBoard,Normal,2414.0,2.0,35,35,165000.0
7,2554,2.0,704.0,718.0,1576,1890,1998,TA,TA,TA,Unf,978,1,8,1996.0,0,0.0,0.0,10800,No,Detchd,2Story,Wd Sdng,Normal,3272.0,1.5,117,9,159500.0
5,1178,2.0,439.0,1176.0,1178,1973,2000,Gd,TA,Gd,Unf,0,1,5,1973.0,1,0.0,1084.0,10000,No,Attchd,1Story,HdBoard,Normal,2354.0,2.0,35,8,157000.0
7,2418,3.0,983.0,1311.0,1325,1993,1994,Gd,Gd,Gd,RFn,1093,2,9,1993.0,1,651.0,1173.0,10542,Gd,Attchd,2Story,Wd Sdng,Normal,3729.0,3.5,15,14,341000.0
5,971,1.0,300.0,971.0,971,1969,1969,TA,TA,Gd,Unf,0,1,5,1969.0,1,0.0,523.0,9920,Gd,Attchd,1Story,HdBoard,Normal,1942.0,1.5,37,37,128500.0
8,1742,2.0,564.0,1742.0,1742,1985,1985,Gd,Gd,Gd,RFn,0,2,5,1985.0,1,0.0,1148.0,6563,Gd,Attchd,1Story,HdBoard,Normal,3484.0,3.0,21,21,275000.0
6,848,2.0,420.0,848.0,848,2004,2004,Gd,Gd,Gd,RFn,0,1,3,2004.0,0,169.0,662.0,4426,Av,Attchd,1Story,VinylSd,Normal,1696.0,2.0,6,6,143000.0
4,864,2.0,463.0,864.0,864,1970,1970,TA,TA,TA,Unf,0,1,5,1994.0,0,0.0,191.0,8120,No,Detchd,1Story,MetalSd,Normal,1728.0,1.0,39,39,124500.0
4,1470,1.0,548.0,941.0,997,1954,1972,TA,TA,TA,Unf,473,2,7,1958.0,0,0.0,0.0,8172,No,Detchd,1.5Fin,MetalSd,Normal,2411.0,2.0,54,36,135000.0
9,1698,3.0,768.0,1698.0,1698,2007,2008,Ex,Ex,Ex,Fin,0,2,8,2007.0,1,340.0,1234.0,13286,No,Attchd,1Story,CemntBd,Normal,3396.0,3.0,2,1,320000.0
4,864,2.0,660.0,864.0,864,1970,1970,Gd,TA,TA,Unf,0,1,5,1989.0,0,0.0,375.0,6960,No,Detchd,1Story,HdBoard,Normal,1728.0,1.0,39,39,120500.0
6,1680,2.0,540.0,880.0,1680,1988,2007,Gd,Gd,Gd,Fin,0,2,5,1988.0,1,260.0,808.0,21695,No,Attchd,1Story,Wd Sdng,Normal,2560.0,3.0,21,2,222000.0
7,1232,2.0,632.0,1232.0,1232,2007,2007,Gd,Gd,Gd,RFn,0,2,6,2007.0,0,82.0,724.0,7314,Av,Attchd,1Story,VinylSd,Normal,2464.0,3.0,2,2,194500.0
5,1776,3.0,888.0,1584.0,1776,1958,1958,TA,TA,TA,Unf,0,2,9,1968.0,0,95.0,0.0,11475,No,Detchd,1Story,VinylSd,Abnorml,3360.0,3.0,51,51,110000.0
4,1208,2.0,539.0,780.0,848,1925,1950,TA,TA,TA,Unf,0,1,5,1962.0,0,0.0,152.0,6240,No,Detchd,1.5Fin,MetalSd,Normal,1628.0,1.0,84,59,103000.0
8,1616,2.0,608.0,1595.0,1616,1995,1996,Gd,Gd,Gd,RFn,0,2,5,1995.0,1,0.0,1180.0,5389,No,Attchd,1Story,CemntBd,Normal,3211.0,3.0,15,14,236500.0
7,1146,2.0,438.0,868.0,1146,2003,2003,Gd,Gd,Ex,Fin,0,2,6,2003.0,1,442.0,786.0,9590,Av,Attchd,SLvl,VinylSd,Normal,2014.0,3.0,4,4,187500.0
7,2031,2.0,541.0,1153.0,1153,1998,1999,Gd,Gd,Gd,Fin,878,2,8,1998.0,1,202.0,252.0,11404,Av,Attchd,2Story,VinylSd,Normal,3184.0,2.5,10,9,222500.0
5,1144,1.0,264.0,864.0,1144,1961,1983,TA,TA,TA,RFn,0,1,6,1961.0,1,0.0,594.0,10000,No,Attchd,1Story,HdBoard,Normal,2008.0,2.0,48,26,131400.0
5,948,1.0,300.0,948.0,948,1968,1968,TA,TA,TA,Unf,0,1,6,1968.0,0,0.0,0.0,8978,No,Attchd,1Story,Plywood,Family,1896.0,1.0,39,39,108000.0
7,1768,2.0,320.0,880.0,880,1914,1970,TA,TA,Gd,Unf,888,1,6,1914.0,2,0.0,390.0,10800,Mn,Detchd,2.5Unf,Wd Sdng,Normal,2648.0,1.5,92,36,163000.0
3,1040,2.0,400.0,0.0,1040,1950,1950,TA,TA,,Unf,0,2,6,1949.0,0,0.0,0.0,8544,,Detchd,1Story,Stucco,Normal,1040.0,2.0,56,56,93500.0
8,1801,3.0,800.0,893.0,901,2005,2005,Gd,Gd,Gd,Fin,900,2,8,2005.0,1,0.0,0.0,10463,No,Attchd,2Story,VinylSd,Normal,2694.0,2.5,1,1,239900.0
5,1200,0.0,0.0,1200.0,1200,1987,1988,TA,TA,Gd,,0,3,5,,0,0.0,1200.0,10800,Gd,,1Story,Plywood,Alloca,2400.0,6.0,22,21,179000.0
7,1728,2.0,572.0,864.0,864,2004,2004,Gd,Gd,Gd,RFn,864,2,7,2004.0,0,0.0,0.0,9313,No,Attchd,2Story,VinylSd,Normal,2592.0,2.5,5,5,190000.0
5,1432,2.0,360.0,264.0,768,1910,2002,TA,TA,Fa,Unf,664,2,7,1910.0,0,0.0,0.0,9600,No,Detchd,2Story,Wd Sdng,Abnorml,1696.0,2.0,97,5,132000.0
6,912,1.0,288.0,912.0,912,1961,1996,Gd,TA,TA,Unf,0,1,5,1962.0,0,0.0,832.0,6768,Mn,Detchd,1Story,HdBoard,Normal,1824.0,2.5,47,12,142000.0
7,1349,2.0,539.0,1349.0,1349,2000,2001,TA,TA,Gd,Unf,0,2,6,2000.0,0,108.0,0.0,8450,No,Attchd,1Story,VinylSd,Normal,2698.0,2.0,7,6,179000.0
5,1464,2.0,480.0,520.0,1464,1963,1999,TA,TA,Gd,RFn,0,2,6,1997.0,1,0.0,444.0,12886,Av,Attchd,SLvl,HdBoard,Normal,1984.0,2.5,46,10,175000.0
8,1337,2.0,462.0,1337.0,1337,1993,1993,Gd,Gd,Gd,RFn,0,2,5,1993.0,1,0.0,733.0,5395,No,Attchd,1Story,HdBoard,Normal,2674.0,3.0,15,15,180000.0
8,2715,2.0,831.0,1142.0,1175,1976,1996,Gd,Ex,TA,Fin,1540,3,11,1994.0,2,289.0,575.0,8963,No,BuiltIn,2Story,VinylSd,Normal,3857.0,4.0,32,12,299800.0
7,2256,2.0,554.0,952.0,980,2000,2000,Gd,Gd,Gd,Fin,1276,2,8,2000.0,1,0.0,300.0,8795,No,BuiltIn,2Story,VinylSd,Normal,3208.0,2.5,9,9,236000.0
7,2640,4.0,864.0,1240.0,1320,1880,2003,Gd,Gd,TA,Unf,1320,1,8,1950.0,1,0.0,0.0,11700,No,Detchd,2Story,Stucco,Normal,3880.0,1.5,129,6,265979.0
7,1720,2.0,527.0,1720.0,1720,1996,1996,Gd,Gd,Gd,Fin,0,2,7,1996.0,1,338.0,919.0,10593,No,Attchd,1Story,VinylSd,Normal,3440.0,3.0,14,14,260400.0
4,1529,1.0,240.0,0.0,1088,1945,1950,TA,TA,,Unf,441,2,9,1945.0,0,0.0,0.0,8405,,Detchd,1.5Fin,WdShing,Normal,1529.0,2.0,64,59,98000.0
4,1140,0.0,0.0,576.0,792,1910,2004,TA,TA,TA,,348,1,7,,0,0.0,0.0,8800,No,,1.5Fin,Wd Sdng,Normal,1716.0,1.0,100,6,96500.0
7,1320,2.0,400.0,660.0,660,2003,2003,Gd,Gd,Gd,Fin,660,2,6,2003.0,0,0.0,0.0,7750,No,Attchd,2Story,VinylSd,Normal,1980.0,2.5,4,4,162000.0
6,1494,2.0,576.0,1479.0,1494,1997,1997,Gd,TA,Gd,RFn,0,2,6,1997.0,0,0.0,1200.0,9236,Gd,Attchd,1Story,VinylSd,Normal,2973.0,3.0,9,9,217000.0
8,2098,3.0,878.0,1030.0,1038,2005,2005,Ex,Gd,Gd,RFn,1060,2,8,2005.0,1,178.0,0.0,10240,Mn,Attchd,2Story,VinylSd,Normal,3128.0,2.5,1,1,275500.0
6,1026,2.0,440.0,1026.0,1026,1969,2005,Gd,TA,TA,RFn,0,1,5,1969.0,0,0.0,439.0,7930,No,Detchd,1Story,Plywood,Normal,2052.0,2.0,40,4,156000.0
6,1471,2.0,440.0,729.0,742,1999,1999,TA,TA,Gd,Unf,729,2,6,1999.0,0,894.0,381.0,3230,No,Detchd,2Story,MetalSd,Normal,2200.0,2.5,10,10,172500.0
8,1768,2.0,578.0,866.0,866,2007,2007,Gd,Gd,Gd,RFn,902,2,7,2007.0,0,0.0,20.0,10769,Av,Attchd,2Story,VinylSd,Normal,2634.0,2.5,2,2,212000.0
6,1386,2.0,440.0,672.0,672,1978,1978,TA,TA,TA,Fin,714,2,6,1978.0,1,328.0,438.0,11616,Mn,Attchd,2Story,HdBoard,Abnorml,2058.0,2.5,32,32,158900.0
7,1501,2.0,440.0,744.0,757,1999,1999,TA,TA,Gd,Unf,744,2,6,1999.0,0,360.0,549.0,2280,No,Detchd,2Story,MetalSd,Normal,2245.0,2.5,9,9,179400.0
8,2531,3.0,752.0,1318.0,1328,1995,1995,Gd,Gd,Gd,RFn,1203,2,9,1995.0,1,513.0,56.0,12257,Av,Attchd,2Story,VinylSd,Normal,3849.0,2.5,12,12,290000.0
6,864,1.0,300.0,864.0,864,1959,1959,TA,TA,TA,Unf,0,1,5,2008.0,0,0.0,612.0,9100,No,Detchd,1Story,Wd Sdng,Normal,1728.0,1.0,50,50,127500.0
5,1301,2.0,440.0,1145.0,1301,1924,1950,Fa,TA,TA,Unf,0,1,5,1965.0,0,0.0,405.0,6911,Mn,Detchd,1Story,Wd Sdng,Normal,2446.0,1.0,85,59,100000.0
7,1547,2.0,614.0,756.0,764,2009,2009,Gd,TA,Gd,Unf,783,2,7,2009.0,0,0.0,24.0,8640,Mn,Attchd,2Story,VinylSd,Normal,2303.0,2.5,1,1,215200.0
8,2365,3.0,856.0,1252.0,1268,1999,1999,Gd,Gd,Gd,RFn,1097,2,8,1999.0,1,673.0,1163.0,9430,Mn,Attchd,2Story,VinylSd,Normal,3617.0,3.5,10,10,337000.0
8,1494,2.0,481.0,1494.0,1494,1995,1996,Ex,Gd,Gd,Fin,0,1,6,1995.0,1,0.0,437.0,9549,Av,Attchd,1Story,BrkFace,Normal,2988.0,2.5,11,10,270000.0
9,1506,2.0,592.0,1498.0,1506,2008,2008,Ex,Gd,Gd,Fin,0,2,6,2008.0,1,284.0,0.0,14587,No,Attchd,1Story,VinylSd,Partial,3004.0,2.0,0,0,264132.0
7,1714,2.0,496.0,980.0,980,1988,1988,TA,TA,Gd,Unf,734,2,7,1988.0,1,42.0,394.0,10421,No,Attchd,2Story,HdBoard,Normal,2694.0,2.5,22,22,196500.0
6,1750,1.0,423.0,983.0,983,1940,1985,TA,TA,Gd,Unf,767,2,7,1989.0,0,0.0,660.0,12508,Mn,Attchd,1.5Fin,VinylSd,Normal,2733.0,3.0,68,23,160000.0
7,1836,2.0,484.0,1860.0,1836,2004,2005,Gd,Gd,Gd,Fin,0,2,8,2004.0,1,0.0,24.0,9100,No,Attchd,1Story,VinylSd,Normal,3696.0,2.0,2,1,216837.0
8,3279,3.0,841.0,1650.0,1690,2003,2003,Ex,Ex,Gd,Fin,1589,3,12,2003.0,1,603.0,1416.0,53504,Gd,BuiltIn,2Story,CemntBd,Normal,4929.0,4.5,7,7,538000.0
5,858,2.0,576.0,858.0,858,1982,1982,TA,TA,Gd,Unf,0,1,5,1983.0,0,0.0,685.0,7252,Av,Detchd,SFoyer,Wd Sdng,Normal,1716.0,2.0,27,27,134900.0
4,1220,2.0,396.0,836.0,1220,1951,1951,TA,TA,Fa,Unf,0,1,6,1951.0,0,0.0,836.0,8877,No,Detchd,1Story,Wd Sdng,Normal,2056.0,1.0,55,55,102000.0
6,1117,2.0,672.0,1029.0,1117,1976,1976,TA,TA,TA,Unf,0,1,6,1976.0,1,0.0,422.0,7819,Av,Detchd,SLvl,Plywood,Abnorml,2146.0,2.0,34,34,107000.0
5,912,1.0,275.0,912.0,912,1958,1958,TA,TA,TA,RFn,0,1,5,1958.0,0,1.0,456.0,10150,No,Attchd,1Story,Wd Sdng,Normal,1824.0,1.0,49,49,114500.0
8,1973,3.0,895.0,1935.0,1973,2006,2006,Gd,Gd,Gd,Fin,0,2,9,2006.0,1,375.0,0.0,14226,Av,Attchd,1Story,VinylSd,Partial,3908.0,2.0,1,1,395000.0
6,1204,2.0,412.0,1204.0,1204,1998,1998,TA,TA,Ex,Fin,0,2,5,1998.0,0,320.0,866.0,4500,No,Attchd,1Story,VinylSd,Normal,2408.0,3.0,11,11,162000.0
7,1614,3.0,865.0,1614.0,1614,2005,2006,Gd,Gd,Gd,RFn,0,2,7,2005.0,0,240.0,20.0,11210,Av,Attchd,1Story,VinylSd,Partial,3228.0,2.0,1,0,221500.0
5,894,2.0,440.0,864.0,894,1974,1974,TA,TA,TA,Unf,0,1,5,1974.0,1,0.0,762.0,13350,No,Attchd,1Story,HdBoard,Normal,1758.0,2.0,32,32,142500.0
5,2020,2.0,630.0,0.0,2020,1977,1977,TA,TA,,Unf,0,2,10,1977.0,2,320.0,0.0,8400,,Detchd,1Story,Plywood,Normal,2020.0,2.0,30,30,144000.0
6,1004,2.0,504.0,975.0,1004,1977,1977,TA,TA,Gd,Unf,0,1,4,1977.0,0,90.0,975.0,10530,Gd,Attchd,SFoyer,Plywood,Normal,1979.0,2.0,29,29,135000.0
7,1253,2.0,402.0,1237.0,1253,1995,1996,TA,TA,Gd,Fin,0,2,6,1995.0,1,38.0,0.0,7875,No,Attchd,1Story,HdBoard,Normal,2490.0,2.0,12,11,176000.0
6,1603,2.0,484.0,761.0,810,1992,1992,Gd,Gd,Gd,RFn,793,2,7,1992.0,0,0.0,387.0,7153,No,Attchd,2Story,VinylSd,Normal,2364.0,2.5,14,14,175900.0
7,1430,2.0,605.0,1413.0,1430,2001,2002,Gd,Gd,Gd,RFn,0,2,6,2001.0,0,0.0,0.0,16285,No,Attchd,1Story,VinylSd,Normal,2843.0,2.0,8,7,187100.0
5,1110,2.0,602.0,1097.0,1110,1978,1978,Gd,TA,Gd,Fin,0,1,4,1978.0,1,104.0,1097.0,9101,Av,Attchd,SFoyer,Plywood,Normal,2207.0,2.0,31,31,165500.0
6,1484,0.0,0.0,742.0,742,1914,2001,TA,TA,TA,,742,2,9,,1,0.0,0.0,6300,No,,2.5Unf,Wd Sdng,Normal,2226.0,2.0,94,7,128000.0
6,1342,2.0,457.0,1372.0,1342,1967,1967,TA,TA,TA,Unf,0,2,7,1967.0,1,0.0,251.0,9790,No,Attchd,1Story,BrkFace,Normal,2714.0,2.0,42,42,161500.0
5,1652,1.0,416.0,686.0,966,1915,1950,TA,TA,Fa,Unf,686,2,7,1961.0,0,0.0,686.0,10800,No,Detchd,1.5Fin,MetalSd,Normal,2338.0,3.0,95,60,139000.0
7,2084,2.0,618.0,956.0,956,2004,2004,Gd,Gd,Gd,RFn,1128,2,8,2004.0,0,0.0,656.0,10142,No,BuiltIn,2Story,VinylSd,Normal,3040.0,3.5,6,6,233000.0
4,901,1.0,281.0,901.0,901,1954,2000,TA,TA,TA,Unf,0,1,4,1954.0,0,0.0,0.0,6000,No,Detchd,1Story,MetalSd,Normal,1802.0,1.0,54,8,107900.0
6,2087,2.0,444.0,832.0,976,1966,2007,Gd,TA,TA,Fin,1111,2,9,1966.0,0,157.0,568.0,12205,Gd,Attchd,2Story,HdBoard,Normal,2919.0,2.5,41,0,187500.0
7,1145,2.0,397.0,1145.0,1145,2005,2006,Gd,Gd,Gd,Fin,0,2,5,2005.0,1,11.0,16.0,3182,No,Attchd,1Story,VinylSd,Normal,2290.0,2.0,4,3,160200.0
6,1062,2.0,539.0,1029.0,1062,1976,1976,TA,TA,Gd,RFn,0,1,5,1976.0,2,0.0,539.0,11333,Av,Attchd,SLvl,HdBoard,Normal,2091.0,2.0,31,31,146800.0
7,2013,2.0,455.0,1117.0,1127,1996,1997,TA,Gd,Gd,Unf,886,2,8,1997.0,1,0.0,862.0,9920,Av,Attchd,2Story,MetalSd,Normal,3130.0,3.5,11,10,269790.0
8,1496,2.0,474.0,1496.0,1496,2007,2007,Gd,Gd,Gd,Fin,0,2,7,2007.0,0,140.0,0.0,9158,Av,Attchd,1Story,CemntBd,Partial,2992.0,2.0,0,0,225000.0
7,1895,2.0,409.0,712.0,1086,1994,1996,Gd,Gd,Gd,Fin,809,2,7,1994.0,1,0.0,0.0,10832,No,Attchd,2Story,MetalSd,Normal,2607.0,2.5,14,12,194500.0
6,1564,2.0,476.0,650.0,888,1980,1981,TA,TA,Gd,Unf,676,2,7,1980.0,1,130.0,0.0,8400,No,Attchd,2Story,HdBoard,Normal,2214.0,2.5,30,29,171000.0
6,1285,2.0,528.0,660.0,1285,1977,1977,TA,TA,TA,RFn,0,1,7,1977.0,1,148.0,0.0,8197,No,Attchd,1Story,Plywood,Normal,1945.0,1.5,30,30,143500.0
5,773,1.0,240.0,773.0,773,1953,1953,TA,TA,TA,Unf,0,1,4,1953.0,0,0.0,570.0,7677,No,Attchd,1Story,VinylSd,Abnorml,1546.0,1.0,55,55,110000.0
9,3140,3.0,820.0,1926.0,1966,2008,2009,Ex,Ex,Ex,Fin,1174,3,11,2009.0,2,860.0,0.0,13518,No,BuiltIn,2Story,VinylSd,Partial,5066.0,3.5,1,0,485000.0
5,1768,1.0,240.0,731.0,981,1937,1950,Gd,TA,Gd,Unf,787,1,7,1939.0,2,252.0,569.0,7200,No,Detchd,1.5Fin,Wd Sdng,Normal,2499.0,2.5,70,57,175000.0
6,1688,2.0,603.0,616.0,616,1997,1997,Gd,TA,Gd,RFn,1072,2,8,1997.0,0,0.0,462.0,12798,Gd,Attchd,2Story,VinylSd,Normal,2304.0,3.5,11,11,200000.0
4,1196,2.0,440.0,1196.0,1196,1916,1990,TA,TA,TA,Unf,0,1,5,1957.0,0,0.0,197.0,4800,No,Detchd,1Story,MetalSd,Normal,2392.0,2.0,91,17,109900.0
7,1456,2.0,410.0,728.0,728,2005,2005,Gd,Gd,Gd,Fin,728,2,7,2005.0,1,0.0,648.0,8199,Av,Attchd,2Story,WdShing,Normal,2184.0,3.5,3,3,189000.0
9,2822,3.0,1020.0,1734.0,1734,2008,2009,Ex,Ex,Ex,RFn,1088,3,12,2009.0,1,424.0,0.0,13891,Gd,BuiltIn,2Story,VinylSd,Partial,4556.0,3.5,1,0,582933.0
5,1128,1.0,286.0,936.0,1128,1954,1954,TA,TA,TA,Unf,0,1,5,1954.0,0,0.0,812.0,9000,No,Attchd,1Story,Wd Sdng,Family,2064.0,1.0,52,52,118000.0
7,1428,2.0,554.0,1417.0,1428,2008,2008,Ex,Gd,Gd,RFn,0,2,6,2008.0,0,256.0,0.0,12274,No,Attchd,1Story,VinylSd,Partial,2845.0,2.0,0,0,227680.0
5,980,1.0,384.0,980.0,980,1967,1967,TA,TA,TA,Fin,0,2,6,1967.0,0,0.0,400.0,9750,Av,Attchd,SLvl,VinylSd,Normal,1960.0,2.0,39,39,135500.0
5,1576,2.0,528.0,1324.0,1072,1923,2004,Gd,TA,TA,RFn,504,1,6,1923.0,1,0.0,1309.0,21384,Gd,Attchd,2Story,Wd Sdng,Normal,2900.0,3.5,86,5,223500.0
5,1086,2.0,484.0,1024.0,1086,1966,1966,TA,TA,TA,RFn,0,1,6,1966.0,1,1047.0,516.0,13400,Av,Attchd,SLvl,VinylSd,Normal,2110.0,2.0,40,40,159950.0
5,2138,2.0,360.0,849.0,1075,1898,1965,TA,TA,TA,Unf,1063,2,11,1910.0,0,0.0,0.0,8100,No,Detchd,2.5Unf,AsbShng,Normal,2987.0,2.0,111,44,106000.0
6,1309,2.0,484.0,1040.0,1309,1974,1999,Gd,TA,TA,RFn,0,1,5,1974.0,1,99.0,663.0,10140,No,Attchd,1Story,HdBoard,Normal,2349.0,2.5,32,7,181000.0
6,848,2.0,420.0,848.0,848,2004,2004,Gd,Gd,Gd,Fin,0,1,4,2004.0,1,169.0,662.0,4438,Gd,Attchd,1Story,VinylSd,Normal,1696.0,2.0,4,4,144500.0
5,1044,2.0,504.0,540.0,1044,1952,1952,Fa,Fa,TA,Unf,0,1,4,1952.0,0,0.0,0.0,8712,Av,Basment,1Story,Wd Sdng,Alloca,1584.0,1.0,58,58,55993.0
6,1442,1.0,301.0,1442.0,1442,1958,1958,TA,TA,TA,RFn,0,1,7,1958.0,0,243.0,608.0,9750,No,Attchd,1Story,MetalSd,Normal,2884.0,1.5,49,49,157900.0
5,1250,1.0,280.0,686.0,686,1918,1950,Fa,TA,TA,Unf,564,1,7,1955.0,0,0.0,0.0,8248,No,Detchd,1.5Fin,Stucco,Normal,1936.0,2.0,88,56,116000.0
7,1661,2.0,598.0,1649.0,1661,1998,1998,Gd,TA,Gd,RFn,0,2,6,1998.0,0,442.0,0.0,12137,No,Attchd,1Story,VinylSd,Normal,3310.0,2.0,12,12,224900.0
5,1008,1.0,275.0,1008.0,1008,1954,1954,TA,TA,TA,RFn,0,1,4,1954.0,1,0.0,486.0,11425,No,Attchd,1Story,BrkFace,Normal,2016.0,1.0,52,52,137000.0
8,1689,3.0,857.0,1568.0,1689,2002,2002,Gd,Gd,Gd,RFn,0,2,7,2002.0,2,148.0,1218.0,13265,No,Attchd,1Story,CemntBd,Normal,3257.0,3.0,6,6,271000.0
6,1052,2.0,440.0,1010.0,1052,1971,1971,TA,TA,TA,Unf,0,1,6,1971.0,0,80.0,504.0,8816,Av,Attchd,SLvl,HdBoard,Normal,2062.0,2.0,39,39,155000.0
7,1358,2.0,484.0,1358.0,1358,2009,2010,Gd,Gd,Gd,RFn,0,2,6,2010.0,1,128.0,733.0,6371,Mn,Attchd,1Story,VinylSd,Partial,2716.0,3.0,1,0,224000.0
7,1640,2.0,595.0,798.0,798,2003,2003,Gd,Gd,Gd,RFn,842,2,6,2003.0,0,0.0,0.0,7226,No,Attchd,2Story,VinylSd,Normal,2438.0,2.5,5,5,183000.0
4,936,2.0,576.0,936.0,936,1953,1953,TA,Fa,Fa,Unf,0,1,4,1974.0,0,0.0,0.0,6000,No,Detchd,1Story,MetalSd,Normal,1872.0,1.0,56,56,93000.0
7,1733,2.0,433.0,847.0,847,2003,2003,Gd,Gd,Gd,Fin,886,2,7,2003.0,1,0.0,0.0,12394,Gd,BuiltIn,2Story,VinylSd,Family,2580.0,2.5,4,4,225000.0
6,1489,1.0,240.0,778.0,944,1940,1950,TA,TA,TA,Unf,545,2,7,1940.0,1,0.0,0.0,9900,No,Detchd,1.5Fin,VinylSd,Normal,2267.0,2.0,69,59,139500.0
8,1489,2.0,776.0,1489.0,1489,2006,2006,Gd,Gd,Gd,RFn,0,2,7,2006.0,1,0.0,0.0,11216,No,Attchd,1Story,VinylSd,Partial,2978.0,2.0,0,0,232600.0
10,2084,3.0,1220.0,2078.0,2084,2007,2008,Ex,Ex,Ex,Fin,0,2,7,2007.0,1,816.0,1636.0,14803,Av,Attchd,1Story,CemntBd,Partial,4162.0,3.0,1,0,385000.0
5,784,0.0,0.0,784.0,784,1924,1950,Gd,TA,TA,,0,1,5,,0,0.0,784.0,6130,No,,1.5Unf,MetalSd,Normal,1568.0,2.0,84,58,109500.0
7,1434,2.0,527.0,1454.0,1434,2001,2001,Gd,Gd,Gd,RFn,0,2,6,2001.0,1,0.0,20.0,8529,No,Attchd,1Story,VinylSd,Normal,2888.0,2.0,8,8,189000.0
5,2126,2.0,538.0,1013.0,1160,1967,1967,TA,TA,TA,Fin,966,2,7,1967.0,0,0.0,249.0,28698,Gd,Attchd,2Story,Plywood,Abnorml,3139.0,3.0,42,42,185000.0
7,1223,2.0,480.0,600.0,520,2005,2005,Gd,Gd,Gd,RFn,623,2,4,2005.0,0,0.0,0.0,2544,No,Detchd,2Story,MetalSd,Normal,1743.0,2.5,1,1,147400.0
6,1392,2.0,458.0,1392.0,1392,1957,1957,TA,TA,TA,RFn,0,1,6,1957.0,2,387.0,1040.0,11900,No,Attchd,1Story,HdBoard,Normal,2784.0,2.5,51,51,166000.0
7,1200,2.0,480.0,600.0,520,2005,2005,Gd,TA,Gd,RFn,600,2,4,2005.0,0,0.0,0.0,3180,No,Detchd,2Story,MetalSd,Normal,1720.0,2.5,1,1,151000.0
7,1829,2.0,613.0,941.0,941,2003,2003,Gd,Gd,Gd,RFn,888,2,7,2003.0,1,223.0,483.0,9548,No,Attchd,2Story,VinylSd,Normal,2770.0,3.5,7,7,237000.0
6,1516,2.0,472.0,1516.0,1516,1964,1964,TA,TA,TA,RFn,0,1,6,1964.0,0,180.0,196.0,10004,No,Attchd,1Story,HdBoard,Normal,3032.0,1.5,45,45,167000.0
5,1144,2.0,456.0,1144.0,1144,1961,1961,TA,TA,TA,Unf,0,1,6,1961.0,0,136.0,572.0,7875,No,Attchd,1Story,VinylSd,Normal,2288.0,2.0,47,47,139950.0
4,1067,2.0,436.0,1067.0,1067,1950,1995,Gd,TA,Gd,Unf,0,2,4,1996.0,0,0.0,442.0,9600,No,Attchd,1Story,VinylSd,Normal,2134.0,2.0,60,15,128000.0
5,1559,2.0,812.0,1559.0,1559,1948,1973,TA,TA,TA,Unf,0,1,5,1948.0,0,0.0,338.0,8100,No,Detchd,1Story,VinylSd,Normal,3118.0,2.0,59,34,153500.0
6,987,1.0,264.0,483.0,483,1973,1973,TA,TA,TA,Unf,504,1,5,1973.0,0,158.0,330.0,1680,No,Detchd,2Story,HdBoard,Normal,1470.0,2.5,35,35,100000.0
5,1099,1.0,352.0,1099.0,1099,1995,2006,Gd,TA,Gd,Unf,0,1,6,1999.0,0,0.0,0.0,9525,No,Attchd,1Story,VinylSd,Normal,2198.0,1.5,13,2,144000.0
5,1200,1.0,240.0,768.0,768,1946,1995,TA,TA,TA,Unf,432,1,6,1946.0,0,0.0,352.0,11767,No,Detchd,1.5Fin,MetalSd,Normal,1968.0,1.0,62,13,130500.0
6,1482,1.0,400.0,672.0,810,1925,1950,Fa,TA,TA,Unf,672,2,7,1934.0,0,0.0,156.0,12155,No,Detchd,2Story,Wd Sdng,Normal,2154.0,2.0,83,58,140000.0
5,1539,2.0,686.0,650.0,958,1904,2002,Gd,TA,TA,Unf,581,2,8,1983.0,1,0.0,0.0,10440,No,Detchd,2Story,MetalSd,Normal,2189.0,2.0,104,6,157500.0
6,1165,2.0,490.0,1127.0,1165,1966,1966,TA,TA,TA,RFn,0,1,6,1966.0,0,183.0,312.0,9020,Gd,Attchd,SLvl,HdBoard,Normal,2292.0,2.5,42,42,174900.0
5,1800,0.0,0.0,1800.0,1800,1961,1961,TA,TA,TA,,0,2,10,,0,0.0,0.0,8000,No,,1Story,BrkFace,Normal,3600.0,2.0,46,46,141000.0
5,1416,3.0,720.0,876.0,876,1915,1950,TA,TA,TA,Unf,540,1,7,1949.0,1,0.0,0.0,12665,Mn,Detchd,1.5Fin,Wd Sdng,Normal,2292.0,1.5,93,58,153900.0
5,1701,2.0,611.0,1390.0,1701,1975,1981,TA,TA,Gd,Fin,0,2,6,1975.0,2,0.0,1390.0,16647,Gd,Basment,SFoyer,HdBoard,Normal,3091.0,3.0,32,26,171000.0
7,1775,2.0,425.0,740.0,1006,1993,1993,Gd,Gd,Gd,Unf,769,2,7,1993.0,1,137.0,513.0,9317,No,Attchd,2Story,HdBoard,Normal,2515.0,3.5,16,16,213000.0
5,864,1.0,338.0,864.0,864,1972,1972,TA,TA,TA,Unf,0,1,5,1972.0,1,0.0,460.0,15523,Av,Attchd,1Story,HdBoard,Normal,1728.0,2.0,37,37,133500.0
6,2358,2.0,360.0,907.0,1307,1908,1997,TA,TA,TA,Unf,1051,3,10,1908.0,1,0.0,0.0,45600,No,Detchd,1.5Fin,Wd Sdng,Normal,3265.0,3.0,100,11,240000.0
6,1855,2.0,512.0,528.0,1094,1976,1994,TA,Gd,TA,RFn,761,2,7,1976.0,1,360.0,0.0,9600,No,Attchd,SLvl,Plywood,Normal,2383.0,2.5,31,13,187000.0
6,848,2.0,420.0,848.0,848,2003,2003,Gd,Gd,Gd,Fin,0,1,3,2003.0,0,170.0,659.0,4435,Av,Attchd,1Story,VinylSd,Normal,1696.0,2.0,4,4,131500.0
8,1456,2.0,400.0,1273.0,1456,2003,2003,Gd,Gd,Gd,Fin,0,2,7,2003.0,1,40.0,0.0,3196,Gd,Attchd,1Story,VinylSd,Normal,2729.0,2.0,3,3,215000.0
7,1646,1.0,240.0,918.0,918,1941,1950,TA,TA,TA,Unf,728,2,7,1941.0,2,0.0,364.0,7128,No,Detchd,2.5Unf,MetalSd,Normal,2564.0,2.0,66,57,164000.0
6,1445,2.0,645.0,1127.0,1445,1964,1964,TA,TA,TA,RFn,0,1,7,1964.0,1,115.0,564.0,12095,Gd,Attchd,SLvl,MetalSd,Normal,2572.0,1.5,45,45,158000.0
5,1779,2.0,454.0,1763.0,1779,1955,1974,TA,TA,TA,Unf,0,1,6,1955.0,1,0.0,306.0,17920,Mn,Attchd,1Story,Wd Sdng,Abnorml,3542.0,2.5,51,32,170000.0
5,1040,1.0,260.0,1040.0,1040,1962,2010,TA,TA,TA,Unf,0,1,6,1962.0,0,0.0,659.0,6897,No,Detchd,1Story,HdBoard,Normal,2080.0,2.5,48,0,127000.0
6,1026,2.0,576.0,940.0,1026,1978,1978,TA,TA,Gd,Unf,0,1,5,1981.0,0,0.0,505.0,10970,Gd,Detchd,SLvl,Plywood,Normal,1966.0,2.0,30,30,147000.0
6,1481,2.0,343.0,702.0,702,1994,1995,TA,TA,Gd,Fin,779,2,6,1994.0,1,0.0,0.0,8125,No,Attchd,2Story,HdBoard,Normal,2183.0,2.5,15,14,174000.0
7,1370,2.0,479.0,1090.0,1370,1976,1976,TA,TA,Gd,RFn,0,2,6,1976.0,1,189.0,0.0,10400,No,Attchd,1Story,HdBoard,Family,2460.0,2.0,33,33,152000.0
6,2654,2.0,619.0,1054.0,1512,1968,1984,Gd,TA,TA,Unf,1142,2,9,1968.0,1,220.0,619.0,11029,Mn,Attchd,2Story,HdBoard,Normal,3708.0,3.5,38,22,250000.0
7,1426,1.0,216.0,912.0,912,1918,1998,Gd,Gd,TA,Unf,514,1,7,1925.0,1,0.0,0.0,7642,No,Detchd,1.5Fin,Wd Sdng,Normal,2338.0,1.5,89,9,189950.0
5,1039,2.0,504.0,1039.0,1039,1965,1965,TA,TA,TA,Unf,0,1,6,1965.0,0,0.0,841.0,11625,Mn,Attchd,1Story,Plywood,Normal,2078.0,2.5,45,45,131500.0
6,1097,2.0,480.0,1040.0,1097,1984,1985,TA,TA,Gd,Unf,0,2,6,1986.0,0,0.0,338.0,9672,No,Attchd,1Story,HdBoard,Normal,2137.0,2.0,26,25,152000.0
5,1148,1.0,672.0,1148.0,1148,1959,1959,TA,TA,TA,Unf,0,1,6,1959.0,0,0.0,1148.0,7931,No,Attchd,1Story,BrkFace,Normal,2296.0,2.0,50,50,132500.0
7,1372,2.0,529.0,1372.0,1372,2007,2008,Gd,Gd,Ex,Fin,0,2,6,2008.0,0,0.0,0.0,8640,No,Attchd,1Story,VinylSd,Partial,2744.0,2.0,1,0,250580.0
5,1002,2.0,902.0,1002.0,1002,1970,1970,TA,TA,TA,Unf,0,1,5,1973.0,0,76.0,828.0,8750,No,Detchd,1Story,MetalSd,Normal,2004.0,2.0,39,39,148500.0
8,1646,3.0,870.0,1638.0,1646,2006,2007,Gd,Gd,Gd,RFn,0,2,6,2007.0,1,274.0,0.0,10656,Av,Attchd,1Story,VinylSd,Partial,3284.0,2.0,1,0,248900.0
4,1120,2.0,544.0,1040.0,1120,1961,1961,Fa,TA,TA,RFn,0,1,5,1961.0,0,0.0,932.0,6970,No,Attchd,1Story,VinylSd,Normal,2160.0,2.5,46,46,129000.0
5,2320,2.0,672.0,0.0,1547,1948,1950,TA,TA,,Unf,720,2,7,1979.0,1,0.0,0.0,14762,,Attchd,2Story,Plywood,Normal,2267.0,2.0,58,56,169000.0
7,1949,2.0,574.0,1050.0,1062,1993,1994,Gd,Gd,Gd,Fin,887,2,8,1993.0,1,246.0,750.0,9938,No,Attchd,2Story,MetalSd,Normal,2999.0,3.5,17,16,236000.0
5,894,1.0,308.0,894.0,894,1962,1962,TA,TA,TA,Unf,0,1,5,1962.0,0,0.0,0.0,6600,No,Detchd,1Story,MetalSd,Normal,1788.0,1.0,47,47,109500.0
6,1682,2.0,523.0,804.0,804,1998,1998,Gd,TA,Gd,RFn,878,2,7,1998.0,0,116.0,505.0,8750,No,Attchd,2Story,VinylSd,Normal,2486.0,2.5,12,12,200500.0
5,910,2.0,414.0,105.0,910,1953,1996,Gd,Gd,TA,Unf,0,1,5,1953.0,0,0.0,0.0,8892,Av,Attchd,1Story,WdShing,Normal,1015.0,1.0,55,12,116000.0
5,1268,1.0,288.0,832.0,1036,1949,1950,TA,Gd,TA,Unf,0,1,6,1949.0,1,0.0,375.0,12144,No,Attchd,1Story,HdBoard,Normal,1868.0,1.0,60,59,133000.0
5,1131,1.0,200.0,676.0,676,1941,1950,TA,TA,TA,Unf,455,1,5,1941.0,0,0.0,0.0,5720,No,Detchd,1.5Fin,Wd Sdng,Abnorml,1807.0,1.5,68,59,66500.0
8,2610,2.0,550.0,1184.0,1184,2007,2007,Ex,Gd,Gd,Fin,1426,2,11,2007.0,1,0.0,64.0,9000,Av,BuiltIn,2Story,CemntBd,Partial,3794.0,2.5,0,0,303477.0
4,1040,2.0,648.0,1064.0,1040,1963,1963,TA,TA,TA,Unf,0,1,5,1963.0,0,0.0,633.0,25286,Gd,Attchd,1Story,HdBoard,Normal,2104.0,2.0,44,44,132250.0
9,2224,3.0,738.0,1462.0,1462,2004,2005,Ex,Gd,Ex,Fin,762,2,10,2004.0,1,216.0,1170.0,8834,No,Attchd,2Story,VinylSd,Normal,3686.0,3.5,5,4,350000.0
5,1155,2.0,576.0,1109.0,1155,1961,1995,Gd,TA,TA,Unf,0,1,6,1987.0,0,0.0,899.0,11782,Av,Detchd,SFoyer,HdBoard,Normal,2264.0,2.0,49,15,148000.0
5,864,1.0,336.0,864.0,864,1978,2005,TA,Gd,TA,Unf,0,1,6,1978.0,0,90.0,646.0,7000,No,Attchd,1Story,VinylSd,Normal,1728.0,2.0,31,4,136500.0
5,1090,2.0,450.0,1090.0,1090,2005,2006,TA,TA,Ex,Fin,0,1,5,2005.0,0,0.0,980.0,7024,No,Attchd,1Story,VinylSd,Normal,2180.0,2.5,2,1,157000.0
7,1717,2.0,400.0,1156.0,1187,1990,1991,Gd,Gd,Gd,RFn,530,2,7,1990.0,1,117.0,902.0,13758,Mn,Attchd,1.5Fin,HdBoard,Normal,2873.0,2.5,17,16,187500.0
6,1593,2.0,389.0,808.0,808,1992,1993,TA,TA,Gd,RFn,785,2,7,1993.0,1,0.0,0.0,9636,No,BuiltIn,2Story,VinylSd,Normal,2401.0,2.5,17,16,178000.0
4,2230,1.0,440.0,795.0,954,1912,1950,TA,Gd,TA,Unf,795,1,10,1997.0,0,0.0,0.0,6204,No,Detchd,2.5Fin,Wd Sdng,Normal,2544.0,2.0,94,56,118500.0
5,892,1.0,288.0,892.0,892,1967,1967,TA,TA,TA,RFn,0,1,5,1967.0,0,60.0,432.0,7150,No,Attchd,1Story,HdBoard,Normal,1784.0,1.0,42,42,100000.0
9,1709,2.0,506.0,1698.0,1709,1999,2000,Gd,Gd,Ex,Fin,0,2,5,1999.0,1,60.0,1238.0,5119,Av,Attchd,1Story,MetalSd,Abnorml,3407.0,3.0,9,8,328900.0
5,1712,2.0,588.0,1626.0,1712,1959,2005,TA,TA,TA,Fin,0,2,8,2005.0,0,122.0,528.0,8393,No,Attchd,1Story,MetalSd,Family,3338.0,2.0,47,1,145000.0
5,1393,1.0,300.0,816.0,872,1955,1955,TA,TA,TA,Unf,521,1,8,1955.0,0,0.0,0.0,16466,No,Attchd,1.5Fin,MetalSd,Normal,2209.0,1.5,53,53,135500.0
8,2217,2.0,621.0,2217.0,2217,1970,1970,Gd,Gd,TA,Unf,0,2,8,1970.0,1,0.0,351.0,15865,Gd,Attchd,1Story,Wd Sdng,Normal,4434.0,3.0,37,37,268000.0
6,1505,2.0,505.0,1505.0,1505,1953,1953,TA,TA,TA,RFn,0,1,6,1953.0,1,90.0,1024.0,12160,No,Attchd,1Story,Wd Sdng,Normal,3010.0,2.0,56,56,149500.0
5,924,2.0,576.0,672.0,672,1949,2006,TA,TA,TA,Unf,252,1,6,2003.0,1,0.0,0.0,8064,Mn,Detchd,1.5Fin,MetalSd,Normal,1596.0,1.0,58,1,122900.0
6,1683,2.0,440.0,918.0,918,1978,1978,TA,TA,TA,RFn,765,2,7,1978.0,1,92.0,226.0,11184,No,Attchd,2Story,HdBoard,Normal,2601.0,2.5,31,31,172500.0
6,1068,1.0,264.0,1059.0,1068,1963,2003,TA,TA,TA,RFn,0,1,6,1963.0,0,0.0,663.0,8414,No,Attchd,1Story,HdBoard,Normal,2127.0,1.5,43,3,154500.0
5,1383,1.0,354.0,1383.0,1383,1954,1954,TA,TA,Gd,Unf,0,1,6,1954.0,1,0.0,1064.0,13284,Mn,Attchd,1Story,Wd Sdng,Normal,2766.0,2.0,54,54,165000.0
5,1535,2.0,400.0,0.0,1535,1979,1979,TA,TA,,Unf,0,2,8,1979.0,0,0.0,0.0,7018,,Attchd,1Story,Plywood,Alloca,1535.0,2.0,30,30,118858.0
6,1796,2.0,483.0,780.0,983,1963,1963,TA,TA,TA,RFn,813,1,8,1963.0,1,415.0,400.0,7056,No,Attchd,2Story,HdBoard,Normal,2576.0,2.5,45,45,140000.0
4,951,1.0,327.0,951.0,951,1936,1950,TA,TA,TA,Unf,0,1,6,1936.0,0,0.0,285.0,8765,No,Detchd,1Story,Wd Sdng,Abnorml,1902.0,1.0,70,56,106500.0
5,2240,2.0,528.0,0.0,1120,1979,1979,TA,TA,,Unf,1120,2,12,1979.0,0,0.0,0.0,7018,,Detchd,2Story,Plywood,Alloca,2240.0,2.0,30,30,142953.0
9,2364,3.0,820.0,2330.0,2364,2009,2010,Ex,Ex,Ex,Fin,0,2,11,2009.0,2,760.0,2188.0,12919,Gd,Attchd,1Story,VinylSd,Partial,4694.0,3.5,1,0,611657.0
5,1236,1.0,288.0,912.0,1236,1961,1994,TA,TA,TA,Unf,0,1,6,1961.0,1,0.0,465.0,6993,No,Attchd,1Story,HdBoard,Normal,2148.0,1.0,45,12,135000.0
4,858,1.0,684.0,858.0,858,1971,1971,TA,TA,TA,Unf,0,1,4,1979.0,0,0.0,322.0,7340,No,Detchd,1Story,HdBoard,Normal,1716.0,1.0,36,36,110000.0
5,1306,1.0,756.0,992.0,1306,1957,2000,TA,TA,TA,Unf,0,1,5,1968.0,0,0.0,860.0,8712,Mn,Detchd,1Story,MetalSd,Normal,2298.0,2.0,52,9,153000.0
7,1509,2.0,393.0,783.0,807,2003,2003,Gd,Gd,Gd,Fin,702,2,8,2003.0,1,0.0,0.0,7875,No,Attchd,2Story,VinylSd,Normal,2292.0,2.5,3,3,180000.0
7,1670,3.0,690.0,1670.0,1670,2006,2006,Gd,Gd,Gd,RFn,0,2,7,2006.0,1,27.0,0.0,14859,No,Attchd,1Story,VinylSd,Partial,3340.0,2.0,0,0,240000.0
5,902,1.0,288.0,876.0,902,1967,1967,TA,TA,TA,Unf,0,1,6,1967.0,0,75.0,599.0,6173,No,Attchd,1Story,HdBoard,Normal,1778.0,1.0,40,40,125500.0
5,1063,1.0,280.0,1056.0,1063,1954,1954,TA,TA,TA,RFn,0,1,6,1954.0,0,110.0,354.0,9920,No,Attchd,1Story,HdBoard,Normal,2119.0,2.0,56,56,128000.0
8,1636,3.0,865.0,1623.0,1636,2006,2006,Gd,Gd,Gd,RFn,0,2,8,2006.0,1,208.0,63.0,13501,No,Attchd,1Story,VinylSd,Normal,3259.0,3.0,1,1,255000.0
7,2057,1.0,180.0,1017.0,1020,1936,1987,Gd,Gd,Gd,Fin,1037,1,6,1936.0,1,0.0,223.0,11500,No,Attchd,1.5Fin,BrkFace,Normal,3074.0,1.5,70,19,250000.0
5,902,2.0,484.0,864.0,902,1983,1983,TA,TA,Gd,Unf,0,1,5,1983.0,0,0.0,301.0,8885,Av,Attchd,1Story,HdBoard,Normal,1766.0,2.0,23,23,131000.0
6,1484,2.0,390.0,742.0,742,2005,2005,Gd,Gd,Gd,Fin,742,2,8,2005.0,1,0.0,0.0,12589,No,Attchd,2Story,VinylSd,Normal,2226.0,2.5,4,4,174000.0
5,2274,2.0,480.0,1105.0,1105,1960,1960,TA,TA,TA,Unf,1169,2,12,1960.0,0,361.0,443.0,11600,No,Detchd,2Story,MetalSd,Normal,3379.0,2.0,50,50,154300.0
5,1268,1.0,252.0,1268.0,1268,1977,1989,Gd,TA,Gd,Unf,0,1,5,1978.0,0,0.0,196.0,9286,Av,Detchd,1Story,HdBoard,Normal,2536.0,1.5,32,20,143500.0
5,1015,1.0,450.0,768.0,1015,1925,1950,TA,TA,TA,Unf,0,1,6,1925.0,0,0.0,489.0,6120,No,Detchd,1Story,MetalSd,Abnorml,1783.0,1.0,81,56,88000.0
5,2002,3.0,871.0,1001.0,1001,1949,1950,TA,TA,TA,Unf,1001,2,8,1949.0,0,0.0,284.0,6270,No,2Types,2Story,MetalSd,Normal,3003.0,2.0,58,57,145000.0
6,1224,2.0,528.0,612.0,612,2009,2009,Gd,Gd,Gd,RFn,612,2,4,2009.0,0,76.0,294.0,3000,Av,Detchd,2Story,VinylSd,Partial,1836.0,2.5,0,0,173733.0
4,1092,1.0,286.0,546.0,546,1970,1970,TA,TA,TA,Unf,546,1,6,1970.0,0,80.0,0.0,2001,No,Attchd,2Story,CemntBd,Normal,1638.0,1.5,37,37,75000.0
2,480,1.0,308.0,480.0,480,1949,1950,TA,TA,TA,Unf,0,0,4,1958.0,0,0.0,50.0,9000,Av,Detchd,1Story,AsbShng,Abnorml,960.0,1.0,57,56,35311.0
4,1229,1.0,284.0,1134.0,1229,1956,1956,TA,TA,TA,RFn,0,1,6,1956.0,0,0.0,1059.0,17140,No,Attchd,1Story,VinylSd,Normal,2363.0,1.0,53,53,135000.0
7,2127,3.0,833.0,1104.0,912,1991,1991,Gd,Gd,Ex,RFn,1215,2,8,1991.0,1,0.0,48.0,13125,Mn,Attchd,2Story,HdBoard,Normal,3231.0,3.5,16,16,238000.0
6,1414,2.0,601.0,1184.0,1414,1958,2002,TA,Ex,Gd,Unf,0,1,6,1990.0,1,0.0,528.0,11029,No,Attchd,1Story,MetalSd,Normal,2598.0,2.0,50,6,176500.0
6,1721,2.0,471.0,928.0,936,1994,1994,Gd,Gd,Gd,RFn,785,2,7,1994.0,0,105.0,814.0,8462,No,Attchd,2Story,HdBoard,Normal,2649.0,3.0,13,13,201000.0
5,2200,0.0,0.0,1272.0,1272,1900,2003,TA,TA,TA,,928,2,9,,0,0.0,1084.0,8777,No,,1.5Fin,MetalSd,Normal,3472.0,5.0,108,5,145900.0
6,1316,2.0,397.0,1316.0,1316,2005,2006,Gd,Gd,Gd,Fin,0,2,6,2005.0,1,0.0,28.0,10237,No,Attchd,1Story,VinylSd,Partial,2632.0,2.0,1,0,169990.0
6,1617,2.0,533.0,1604.0,1617,1993,1994,Gd,Gd,Gd,RFn,0,2,5,1993.0,1,0.0,165.0,8012,No,Attchd,1Story,Plywood,Normal,3221.0,3.0,15,14,193000.0
6,1686,2.0,612.0,1686.0,1686,1980,1980,TA,TA,Gd,Unf,0,2,7,1980.0,1,157.0,625.0,10240,No,Attchd,1Story,Plywood,Normal,3372.0,3.0,26,26,207500.0
5,1126,2.0,540.0,1126.0,1126,1977,1977,Ex,TA,Gd,RFn,0,2,6,1977.0,0,0.0,767.0,15611,Av,Attchd,1Story,VinylSd,Abnorml,2252.0,2.5,31,31,175000.0
8,2374,3.0,656.0,1181.0,1234,2003,2004,Ex,Gd,Gd,Fin,1140,2,10,2003.0,1,340.0,0.0,11999,No,BuiltIn,2Story,VinylSd,Normal,3555.0,2.5,4,3,285000.0
7,1978,2.0,486.0,832.0,1098,1968,1968,TA,TA,TA,RFn,880,2,9,1968.0,1,342.0,552.0,9900,No,Attchd,2Story,MetalSd,Normal,2810.0,2.5,40,40,176000.0
8,1788,2.0,522.0,1753.0,1788,2001,2001,Ex,Gd,Gd,RFn,0,2,7,2001.0,1,0.0,0.0,11838,Av,Attchd,1Story,VinylSd,Normal,3541.0,2.0,8,8,236500.0
7,2236,2.0,642.0,964.0,993,1997,1997,Gd,TA,Gd,Fin,1243,2,8,1997.0,1,285.0,0.0,13006,No,BuiltIn,2Story,HdBoard,Normal,3200.0,2.5,9,9,222000.0
8,1466,3.0,610.0,1466.0,1466,2007,2007,Gd,Gd,Gd,Fin,0,2,7,2007.0,0,0.0,16.0,8925,Av,Attchd,1Story,VinylSd,Normal,2932.0,2.0,2,2,201000.0
5,925,1.0,429.0,925.0,925,1965,1965,TA,TA,TA,Unf,0,1,5,1965.0,0,0.0,338.0,9100,No,Detchd,1Story,VinylSd,Normal,1850.0,1.5,44,44,117500.0
9,1905,3.0,788.0,1905.0,1905,2006,2006,Ex,Ex,Ex,Fin,0,2,8,2006.0,1,302.0,0.0,11670,No,Attchd,1Story,VinylSd,Normal,3810.0,2.0,1,1,320000.0
7,1500,2.0,570.0,1500.0,1500,2004,2004,Gd,Gd,Gd,RFn,0,2,6,2004.0,0,210.0,20.0,8487,Av,Attchd,1Story,VinylSd,Normal,3000.0,2.0,5,5,190000.0
7,2069,2.0,505.0,585.0,2069,1960,2007,Gd,TA,Gd,RFn,0,2,9,1960.0,1,0.0,425.0,27650,Gd,Attchd,1Story,Wd Sdng,Normal,2654.0,3.0,48,1,242000.0
4,747,2.0,528.0,600.0,747,1926,1953,TA,TA,Fa,Unf,0,1,5,1953.0,0,108.0,0.0,5825,Mn,Detchd,1Story,MetalSd,Normal,1347.0,1.0,80,53,79900.0
7,1200,2.0,555.0,1176.0,1200,2003,2003,Gd,Gd,Gd,RFn,0,2,5,2003.0,0,0.0,833.0,10083,No,Attchd,1Story,VinylSd,Normal,2376.0,3.0,6,6,184900.0
7,1971,2.0,689.0,1113.0,1113,2005,2005,Gd,Gd,Gd,RFn,858,2,8,2005.0,1,0.0,341.0,9675,Mn,Attchd,2Story,VinylSd,Normal,3084.0,2.5,4,4,253000.0
7,1962,3.0,868.0,1391.0,1391,2006,2006,Gd,Gd,Gd,RFn,571,2,7,2006.0,0,0.0,464.0,8760,Mn,Attchd,2Story,VinylSd,Partial,3353.0,2.5,0,0,239799.0
7,2403,1.0,349.0,1032.0,1207,1940,1950,TA,TA,TA,Unf,1196,2,10,1940.0,2,0.0,0.0,24090,Mn,Attchd,2Story,MetalSd,Normal,3435.0,2.0,70,60,244400.0
6,1728,2.0,574.0,1728.0,1728,1976,1976,TA,TA,TA,Unf,0,2,8,1976.0,0,0.0,936.0,12640,Gd,Attchd,1Story,Plywood,Normal,3456.0,2.0,30,30,150900.0
7,2060,2.0,390.0,992.0,1022,1999,1999,Gd,Gd,Gd,RFn,1038,2,8,1999.0,1,298.0,772.0,8755,No,BuiltIn,2Story,VinylSd,Normal,3052.0,3.5,10,10,214000.0
4,1440,0.0,0.0,1440.0,1440,1977,1977,TA,TA,Gd,,0,2,8,,0,0.0,1440.0,7711,Gd,,1Story,MetalSd,Abnorml,2880.0,4.0,30,30,150000.0
5,1632,2.0,576.0,1632.0,1632,1967,1967,TA,TA,TA,Unf,0,2,8,1967.0,0,0.0,0.0,25000,Av,Attchd,1Story,HdBoard,Normal,3264.0,2.0,40,40,143000.0
6,1344,2.0,525.0,819.0,1344,1958,1958,Gd,TA,TA,RFn,0,1,7,1958.0,1,541.0,111.0,14375,No,Basment,SLvl,HdBoard,Abnorml,2163.0,1.5,51,51,137500.0
5,1869,2.0,456.0,1088.0,1188,1890,1996,TA,TA,TA,Unf,561,1,7,1963.0,0,0.0,1088.0,8820,No,Detchd,1.5Fin,VinylSd,Normal,2837.0,1.0,119,13,124900.0
5,1144,1.0,796.0,1144.0,1144,1959,1959,TA,TA,TA,RFn,0,1,6,1959.0,1,128.0,748.0,8163,Av,Attchd,SLvl,HdBoard,Normal,2288.0,2.0,47,47,143000.0
8,1629,3.0,808.0,1616.0,1629,2002,2003,Gd,Gd,Gd,Fin,0,2,9,2002.0,1,236.0,1300.0,14536,Av,Attchd,1Story,VinylSd,Normal,3245.0,3.0,5,4,270000.0
7,1776,2.0,474.0,936.0,936,2002,2002,Gd,Gd,Gd,RFn,840,2,7,2002.0,1,144.0,0.0,14006,,Attchd,2Story,VinylSd,Normal,2712.0,2.5,4,4,192500.0
6,1381,2.0,676.0,1161.0,1381,1972,2006,Gd,TA,TA,RFn,0,1,5,1972.0,1,0.0,982.0,9360,No,Attchd,1Story,Plywood,Normal,2542.0,2.5,38,4,197500.0
5,864,2.0,720.0,864.0,864,1950,2002,Gd,TA,TA,RFn,0,1,5,1980.0,0,0.0,398.0,7200,No,Detchd,1Story,VinylSd,Normal,1728.0,2.0,57,5,129000.0
5,965,1.0,300.0,828.0,965,1965,1965,TA,TA,TA,Unf,0,1,6,1979.0,0,0.0,641.0,7800,No,Detchd,1Story,VinylSd,Abnorml,1793.0,2.0,41,41,119900.0
5,768,1.0,396.0,768.0,768,1972,2003,TA,TA,Gd,Fin,0,1,5,1974.0,0,0.0,660.0,7200,Av,Detchd,SFoyer,WdShing,Normal,1536.0,1.5,37,6,133900.0
5,1968,2.0,530.0,784.0,1168,1969,1969,TA,TA,TA,RFn,800,2,7,1969.0,1,232.0,562.0,11075,Av,Attchd,2Story,HdBoard,Normal,2752.0,3.0,39,39,172000.0
6,980,0.0,0.0,945.0,980,1975,1975,TA,TA,Gd,,0,2,4,,0,250.0,945.0,9400,Gd,,SFoyer,WdShing,AdjLand,1925.0,3.0,31,31,127500.0
6,1958,2.0,492.0,979.0,979,1946,1950,TA,TA,Gd,Unf,979,2,8,1946.0,0,423.0,484.0,7136,No,Attchd,2Story,MetalSd,Normal,2937.0,2.0,61,57,145000.0
6,1229,2.0,462.0,561.0,561,1980,1980,TA,TA,Gd,Fin,668,1,5,1980.0,1,0.0,285.0,1300,No,Attchd,2Story,MetalSd,Normal,1790.0,1.5,29,29,124000.0
5,1057,2.0,576.0,1057.0,1057,1962,1962,TA,TA,TA,Fin,0,1,6,1977.0,0,0.0,417.0,7420,No,Detchd,1Story,MetalSd,Normal,2114.0,1.0,45,45,132000.0
7,1337,2.0,531.0,1337.0,1337,2003,2003,Gd,Gd,Gd,RFn,0,2,6,2003.0,0,0.0,699.0,8450,Mn,Attchd,1Story,VinylSd,Normal,2674.0,3.0,4,4,185000.0
7,1416,2.0,484.0,696.0,696,1999,1999,Gd,Gd,Gd,Unf,720,2,6,1999.0,0,0.0,604.0,2572,No,Detchd,2Story,MetalSd,Normal,2112.0,3.5,11,11,155000.0
5,858,0.0,0.0,858.0,858,1958,2008,TA,TA,TA,,0,1,4,,0,0.0,696.0,7207,Gd,,1Story,Wd Sdng,Normal,1716.0,2.0,52,2,116500.0
6,2872,2.0,619.0,1330.0,1542,1977,1995,TA,TA,Gd,Fin,1330,2,11,1977.0,1,424.0,896.0,12227,No,Attchd,2Story,HdBoard,Normal,4202.0,3.5,31,13,272000.0
6,1548,2.0,440.0,804.0,804,1976,1976,Gd,TA,Gd,Unf,744,2,7,1976.0,1,0.0,556.0,2308,No,Detchd,2Story,Plywood,Normal,2352.0,3.5,31,31,155000.0
9,1800,2.0,702.0,1800.0,1800,2007,2007,Ex,Gd,Ex,Fin,0,2,7,2007.0,0,0.0,0.0,11923,No,Attchd,1Story,VinylSd,Normal,3600.0,2.0,2,2,239000.0
7,1894,2.0,510.0,817.0,824,2002,2003,Gd,Gd,Gd,Fin,1070,2,8,2002.0,1,44.0,624.0,11316,No,BuiltIn,2Story,VinylSd,Normal,2711.0,3.5,8,7,214900.0
6,1484,2.0,393.0,783.0,783,2005,2007,Gd,Gd,Gd,Fin,701,2,8,2005.0,1,0.0,0.0,10237,No,Attchd,2Story,VinylSd,Partial,2267.0,2.5,2,0,178900.0
5,1308,1.0,256.0,728.0,976,1940,1950,TA,Gd,TA,Unf,332,1,7,1940.0,2,0.0,428.0,9600,No,Detchd,1.5Fin,MetalSd,Normal,2036.0,2.5,69,59,160000.0
5,1098,1.0,260.0,1098.0,1098,1955,1955,TA,TA,TA,Unf,0,1,6,1955.0,0,151.0,902.0,7390,No,Attchd,1Story,Wd Sdng,Normal,2196.0,2.0,53,53,135000.0
3,968,0.0,0.0,600.0,600,1910,1950,TA,TA,TA,,368,1,6,,0,0.0,0.0,5925,No,,1.5Fin,VinylSd,Abnorml,1568.0,1.0,99,59,37900.0
6,1095,1.0,264.0,588.0,1095,1958,1958,TA,TA,TA,RFn,0,1,6,1958.0,0,105.0,513.0,10382,Gd,Attchd,SLvl,HdBoard,Normal,1683.0,2.0,48,48,140000.0
4,1192,0.0,0.0,720.0,720,1949,1950,TA,TA,TA,,472,1,6,,0,0.0,0.0,10800,No,,1.5Fin,AsbShng,Abnorml,1912.0,1.5,57,56,135000.0
7,1626,2.0,474.0,764.0,764,2003,2004,Gd,Gd,Gd,RFn,862,2,6,2003.0,0,106.0,567.0,2268,No,BuiltIn,2Story,VinylSd,Normal,2390.0,2.0,6,5,173000.0
6,918,1.0,264.0,918.0,918,1979,1979,TA,TA,Gd,Unf,0,2,5,1979.0,1,0.0,0.0,7892,No,Attchd,1Story,Plywood,Normal,1836.0,2.0,31,31,99500.0
7,1428,2.0,480.0,1428.0,1428,2007,2008,Gd,Gd,Gd,Fin,0,2,6,2007.0,0,0.0,0.0,11639,No,Attchd,1Story,CemntBd,Partial,2856.0,2.0,1,0,182000.0
7,2019,2.0,532.0,728.0,1136,1910,1993,Gd,TA,Gd,Unf,883,1,8,1997.0,0,0.0,0.0,11414,No,Detchd,2Story,HdBoard,Normal,2747.0,1.0,99,16,167500.0
7,1382,2.0,490.0,673.0,673,2000,2000,Gd,Gd,Gd,Unf,709,2,6,2000.0,0,0.0,641.0,2651,No,Detchd,2Story,MetalSd,Normal,2055.0,3.5,6,6,165000.0
4,869,0.0,0.0,440.0,869,1923,1958,Fa,TA,Gd,,0,1,4,,0,0.0,0.0,5900,No,,1Story,Wd Sdng,Normal,1309.0,1.0,83,48,85500.0
7,1241,2.0,569.0,1241.0,1241,2006,2007,Gd,Gd,Gd,Fin,0,1,4,2007.0,0,0.0,1106.0,4274,No,Attchd,1Story,VinylSd,Partial,2482.0,2.5,1,0,199900.0
4,894,2.0,400.0,894.0,894,1954,1954,TA,TA,TA,Unf,0,1,5,1999.0,0,0.0,552.0,9450,No,Detchd,1Story,MetalSd,Abnorml,1788.0,1.0,53,53,110000.0
5,1121,2.0,480.0,1121.0,1121,1963,1963,TA,TA,TA,Unf,0,1,5,1963.0,0,0.0,651.0,8816,No,Detchd,1Story,VinylSd,Normal,2242.0,2.0,46,46,139000.0
7,999,2.0,588.0,944.0,999,1961,2007,Ex,Ex,TA,RFn,0,1,6,1961.0,0,210.0,867.0,12122,Av,Attchd,SFoyer,CemntBd,Normal,1943.0,2.0,47,1,178400.0
8,2612,3.0,676.0,1225.0,1276,1998,1999,Gd,Gd,Gd,Fin,1336,2,8,1998.0,1,975.0,854.0,12203,No,Attchd,2Story,VinylSd,Normal,3837.0,3.5,11,10,336000.0
7,1266,2.0,388.0,1266.0,1266,2007,2007,Gd,Gd,Gd,Fin,0,2,6,2007.0,1,16.0,0.0,3182,Av,Attchd,1Story,VinylSd,Normal,2532.0,2.0,1,1,159895.0
8,2290,2.0,779.0,1128.0,1149,2002,2002,Gd,Gd,Gd,Unf,1141,2,9,2002.0,1,0.0,0.0,11250,Mn,Attchd,2Story,CemntBd,Normal,3418.0,2.5,6,6,255900.0
5,1734,2.0,539.0,0.0,1302,1977,1977,Gd,TA,,Unf,432,2,8,1977.0,0,0.0,0.0,10125,,Attchd,1.5Fin,Plywood,Normal,1734.0,2.0,32,32,126000.0
5,1164,1.0,240.0,1164.0,1164,1950,1950,TA,TA,TA,Unf,0,1,5,1950.0,0,0.0,1040.0,10880,No,Detchd,1Story,MetalSd,Normal,2328.0,2.0,58,58,125000.0
6,1635,1.0,255.0,485.0,1001,1910,2003,Gd,TA,TA,Unf,634,1,5,1950.0,0,0.0,0.0,5310,No,Attchd,1.5Fin,VinylSd,Normal,2120.0,1.0,96,3,117000.0
9,1940,3.0,606.0,1930.0,1940,2009,2010,Ex,Ex,Ex,Fin,0,2,8,2010.0,1,450.0,1646.0,10159,Av,Attchd,1Story,VinylSd,Partial,3870.0,3.5,1,0,395192.0
6,2030,2.0,551.0,848.0,1118,1976,1976,Gd,TA,TA,Fin,912,2,8,1976.0,1,298.0,156.0,12046,No,Attchd,2Story,Plywood,Normal,2878.0,2.5,31,31,195000.0
7,1576,2.0,614.0,770.0,778,2006,2006,Gd,Gd,Gd,RFn,798,2,6,2006.0,0,0.0,0.0,8125,No,Attchd,2Story,VinylSd,Partial,2346.0,2.5,0,0,197000.0
8,2392,3.0,870.0,1396.0,1407,1997,1998,Gd,Gd,Gd,Fin,985,2,7,1997.0,1,423.0,1074.0,9452,No,Attchd,2Story,VinylSd,Normal,3788.0,3.5,9,8,348000.0
8,1742,2.0,424.0,916.0,916,1882,1986,Gd,Gd,TA,Unf,826,1,8,1925.0,1,0.0,216.0,17671,No,Attchd,2Story,Wd Sdng,Normal,2658.0,1.5,127,23,168000.0
6,1851,2.0,440.0,822.0,1020,1964,1993,Gd,TA,TA,RFn,831,2,7,1964.0,1,340.0,536.0,9760,Gd,Attchd,2Story,Wd Sdng,Normal,2673.0,2.5,43,14,187000.0
6,1500,2.0,564.0,750.0,750,2005,2006,Gd,TA,Gd,RFn,750,2,6,2005.0,0,0.0,0.0,8846,No,Attchd,2Story,VinylSd,Partial,2250.0,2.5,1,0,173900.0
10,1718,3.0,786.0,1700.0,1718,2006,2007,Ex,Ex,Ex,Fin,0,2,7,2008.0,1,230.0,1172.0,12456,Gd,Attchd,1Story,CemntBd,Normal,3418.0,3.0,3,2,337500.0
4,1230,1.0,305.0,747.0,774,1946,1950,TA,TA,TA,Unf,456,1,5,1946.0,0,0.0,384.0,4712,No,Detchd,1.5Fin,MetalSd,Abnorml,1977.0,2.5,60,56,121600.0
5,1050,1.0,368.0,1050.0,1050,1961,1961,TA,TA,TA,Unf,0,1,6,1961.0,0,0.0,915.0,10659,No,Attchd,1Story,Wd Sdng,Normal,2100.0,2.0,45,45,136500.0
6,1442,2.0,615.0,1442.0,1442,1970,1970,TA,TA,TA,RFn,0,2,6,1970.0,1,571.0,0.0,11717,No,Attchd,1Story,HdBoard,Normal,2884.0,2.0,39,39,185000.0
3,1077,1.0,210.0,1007.0,1077,1922,1950,TA,TA,TA,Unf,0,1,6,1922.0,1,0.0,0.0,9786,No,Detchd,1Story,Wd Sdng,Normal,2084.0,1.0,84,56,91000.0
7,1208,2.0,632.0,1187.0,1208,2006,2006,Gd,Gd,Gd,RFn,0,2,6,2006.0,0,24.0,686.0,6762,Av,Attchd,1Story,VinylSd,Normal,2395.0,3.0,4,4,206000.0
3,944,2.0,528.0,0.0,944,1952,1952,Fa,TA,,Unf,0,1,4,1956.0,0,0.0,0.0,10206,,Detchd,1Story,BrkComm,Normal,944.0,1.0,57,57,82000.0
5,691,1.0,216.0,691.0,691,1920,1950,Ex,TA,Fa,Unf,0,1,4,1920.0,0,0.0,0.0,5400,No,Detchd,1Story,Wd Sdng,Abnorml,1382.0,1.0,87,57,86000.0
8,1574,3.0,824.0,1574.0,1574,2006,2006,Gd,Gd,Gd,RFn,0,2,7,2006.0,1,53.0,24.0,11957,No,Attchd,1Story,VinylSd,Normal,3148.0,2.0,2,2,232000.0
5,1680,2.0,528.0,1680.0,1680,1976,1976,TA,TA,TA,Unf,0,2,8,1976.0,0,164.0,0.0,11500,No,Detchd,1Story,VinylSd,Normal,3360.0,2.0,31,31,136905.0
7,1504,2.0,457.0,1346.0,1504,2005,2006,Gd,Gd,Gd,Fin,0,2,7,2005.0,1,16.0,16.0,3182,No,Attchd,1Story,VinylSd,Normal,2850.0,2.0,4,3,181000.0
5,985,1.0,328.0,985.0,985,1977,1977,TA,Gd,Gd,Unf,0,2,6,1977.0,0,220.0,595.0,8385,Av,Attchd,SLvl,HdBoard,Normal,1970.0,2.0,31,31,149900.0
6,1657,2.0,484.0,1657.0,1657,1970,1970,TA,TA,Gd,Unf,0,2,7,1970.0,1,0.0,1237.0,12155,No,Attchd,1Story,Plywood,Normal,3314.0,2.5,37,37,163500.0
4,1092,1.0,286.0,546.0,546,1970,1970,TA,TA,TA,RFn,546,1,6,1970.0,0,0.0,273.0,2217,No,Attchd,2Story,CemntBd,Normal,1638.0,1.5,39,39,88000.0
7,1710,2.0,550.0,1710.0,1710,2004,2005,Gd,Gd,Ex,Fin,0,2,7,2004.0,1,108.0,0.0,12118,Mn,Attchd,1Story,VinylSd,Normal,3420.0,2.0,5,4,240000.0
5,1522,0.0,0.0,1008.0,1008,1926,1950,TA,TA,TA,,0,2,7,,0,0.0,0.0,6000,No,,1.5Fin,Wd Sdng,Normal,2016.0,2.0,80,56,102000.0
5,1271,1.0,312.0,720.0,720,1948,1950,TA,TA,TA,Unf,551,2,7,1948.0,1,0.0,0.0,21286,No,Attchd,1.5Fin,Wd Sdng,Normal,1991.0,2.0,60,58,135000.0
5,1664,0.0,0.0,0.0,1664,1965,1965,TA,TA,,,0,2,8,,0,0.0,0.0,9825,,,1Story,AsphShn,Normal,1664.0,2.0,45,45,100000.0
6,1502,1.0,180.0,602.0,900,1923,1996,Gd,TA,TA,Unf,602,1,7,1923.0,2,0.0,0.0,10592,No,Detchd,2Story,Wd Sdng,Normal,2104.0,1.5,84,11,165000.0
5,1022,1.0,280.0,1022.0,1022,1910,2006,TA,TA,TA,Unf,0,1,4,1956.0,0,0.0,247.0,7200,No,Detchd,1Story,MetalSd,Normal,2044.0,2.0,99,3,85000.0
6,1082,1.0,240.0,1082.0,1082,1948,1950,TA,TA,TA,Unf,0,1,5,1948.0,1,206.0,336.0,11664,No,Detchd,1Story,MetalSd,Normal,2164.0,1.0,59,57,119200.0
8,1665,2.0,528.0,810.0,810,2001,2001,Gd,Gd,Gd,Fin,855,2,6,2001.0,0,0.0,643.0,8400,No,Attchd,2Story,VinylSd,Normal,2475.0,3.5,8,8,227000.0
7,1504,2.0,478.0,1504.0,1504,1996,1996,Gd,Gd,Gd,Fin,0,2,6,1996.0,1,196.0,690.0,11883,Gd,Attchd,1Story,VinylSd,Normal,3008.0,3.0,13,13,203000.0
8,1360,2.0,565.0,1220.0,1360,1984,1984,Gd,Gd,Gd,RFn,0,1,4,1984.0,1,0.0,1036.0,5814,Av,Attchd,1Story,HdBoard,Abnorml,2580.0,2.0,25,25,187500.0
7,1472,2.0,402.0,384.0,802,1991,1992,Gd,Gd,Gd,RFn,670,2,7,1991.0,1,76.0,0.0,10784,No,Attchd,SLvl,HdBoard,Normal,1856.0,2.5,16,15,160000.0
7,1506,2.0,440.0,1362.0,1506,2005,2005,Gd,Gd,Gd,Fin,0,2,6,2005.0,1,145.0,16.0,3013,Gd,Attchd,1Story,VinylSd,Normal,2868.0,2.0,1,1,213490.0
4,1132,2.0,451.0,1132.0,1132,2005,2005,Gd,TA,Gd,Fin,0,1,5,2005.0,0,0.0,1024.0,7024,No,Attchd,1Story,VinylSd,Normal,2264.0,2.5,3,3,176000.0
7,1220,2.0,632.0,1199.0,1220,2006,2006,Gd,Gd,Gd,RFn,0,2,6,2006.0,0,84.0,684.0,7406,Av,Attchd,1Story,VinylSd,Partial,2419.0,3.0,0,0,194000.0
5,1248,1.0,160.0,912.0,912,1930,1950,TA,TA,TA,Unf,336,1,6,1957.0,0,0.0,324.0,9439,No,Detchd,1.5Fin,Wd Sdng,Normal,2160.0,1.0,77,57,87000.0
7,1504,2.0,437.0,1346.0,1504,2005,2006,Gd,Gd,Gd,Fin,0,2,7,2005.0,1,14.0,16.0,3182,No,Attchd,1Story,VinylSd,Normal,2850.0,2.0,3,2,191000.0
8,2898,2.0,665.0,1565.0,2898,1976,1976,Gd,Gd,Gd,Fin,0,2,10,1976.0,1,0.0,1165.0,15498,Av,Attchd,1Story,Stone,Abnorml,4463.0,3.0,32,32,287000.0
5,882,2.0,461.0,882.0,882,1972,1972,TA,TA,TA,Unf,0,1,5,1980.0,0,0.0,138.0,7700,No,Detchd,1Story,VinylSd,Normal,1764.0,2.0,35,35,112500.0
5,1264,2.0,461.0,1268.0,1264,1960,1960,TA,TA,TA,Unf,0,1,6,1960.0,2,324.0,697.0,9300,No,Attchd,1Story,MetalSd,Normal,2532.0,2.0,50,50,167500.0
8,1646,3.0,800.0,1638.0,1646,2007,2008,Gd,Gd,Gd,RFn,0,2,7,2008.0,1,338.0,1513.0,9520,Gd,Attchd,1Story,VinylSd,Partial,3284.0,3.0,1,0,293077.0
5,1376,1.0,240.0,768.0,968,1941,1950,TA,TA,TA,Unf,408,1,6,1941.0,1,0.0,368.0,9492,No,Attchd,1.5Fin,WdShing,Normal,2144.0,2.0,66,57,105000.0
6,1218,1.0,264.0,672.0,672,1972,1972,TA,TA,TA,Unf,546,1,7,1972.0,0,281.0,317.0,1680,No,Detchd,2Story,HdBoard,Normal,1890.0,2.0,34,34,118000.0
5,1928,0.0,0.0,686.0,948,1916,1995,TA,TA,TA,,980,2,10,,0,0.0,0.0,7082,Mn,,2Story,VinylSd,Normal,2614.0,2.0,90,11,160000.0
7,3082,2.0,672.0,824.0,1687,1920,1970,TA,TA,TA,Fin,998,2,12,1970.0,2,0.0,523.0,15863,No,Basment,2.5Fin,Wd Sdng,Normal,3509.0,3.5,89,39,197000.0
8,2520,3.0,796.0,1338.0,1352,1993,1993,Gd,Gd,Gd,RFn,1168,2,10,1993.0,1,0.0,1012.0,14541,No,Attchd,2Story,MetalSd,Abnorml,3858.0,3.5,13,13,310000.0
7,1654,3.0,900.0,1654.0,1654,2002,2002,Gd,Gd,Gd,Unf,0,2,6,2002.0,0,295.0,986.0,8125,No,Attchd,1Story,VinylSd,Normal,3308.0,3.0,4,4,230000.0
5,954,1.0,240.0,920.0,954,1938,1950,Fa,TA,Fa,Unf,0,1,5,1938.0,1,0.0,0.0,6305,No,Basment,1Story,MetalSd,Normal,1874.0,1.0,69,57,119750.0
4,845,1.0,290.0,0.0,845,1957,1957,TA,TA,,Unf,0,1,5,1957.0,0,0.0,0.0,11500,,Detchd,1Story,Wd Sdng,Normal,845.0,1.0,52,52,84000.0
9,1620,3.0,912.0,1620.0,1620,2007,2008,Ex,Gd,Ex,Fin,0,2,6,2008.0,1,70.0,1022.0,12898,Gd,Attchd,1Story,VinylSd,Normal,3240.0,3.0,2,1,315500.0
8,2263,2.0,905.0,1055.0,1055,2001,2002,Gd,Gd,Gd,Fin,1208,2,7,2001.0,1,396.0,0.0,9240,No,BuiltIn,2Story,VinylSd,Normal,3318.0,2.5,7,6,287000.0
4,1344,0.0,0.0,546.0,798,1970,2008,TA,TA,TA,,546,1,6,,1,0.0,0.0,1533,No,,2Story,CemntBd,Normal,1890.0,1.5,39,1,97000.0
4,630,1.0,286.0,630.0,630,1970,1970,TA,TA,Gd,Unf,0,1,3,1970.0,0,0.0,509.0,1477,Av,Attchd,SFoyer,CemntBd,Normal,1260.0,2.0,39,39,80000.0
5,1803,2.0,484.0,1134.0,1803,1957,2000,TA,TA,TA,RFn,0,2,8,1957.0,1,67.0,168.0,13125,No,Attchd,1Story,Wd Sdng,Normal,2937.0,3.0,49,6,155000.0
6,1632,2.0,484.0,800.0,800,1966,2000,Gd,TA,TA,Unf,832,1,7,1966.0,0,252.0,400.0,9130,No,Attchd,2Story,HdBoard,Normal,2432.0,2.0,42,8,173000.0
6,1306,2.0,624.0,1306.0,1306,2005,2005,Gd,Gd,Gd,RFn,0,2,5,2005.0,1,135.0,900.0,5381,Av,Attchd,1Story,VinylSd,Normal,2612.0,3.0,4,4,196000.0
7,2329,2.0,514.0,1475.0,1532,1990,1990,Gd,TA,Gd,Unf,797,2,10,1990.0,1,99.0,1085.0,11839,No,Attchd,2Story,HdBoard,Normal,3804.0,3.5,18,18,262280.0
8,2524,2.0,542.0,2524.0,2524,1981,1981,Gd,Gd,Gd,Fin,0,2,9,1981.0,1,0.0,1104.0,9600,No,Attchd,1Story,BrkFace,Normal,5048.0,3.5,28,28,278000.0
3,1733,2.0,452.0,0.0,1733,1955,1955,TA,TA,,Unf,0,2,8,1955.0,1,0.0,0.0,13680,,Attchd,1Story,BrkFace,Normal,1733.0,2.0,54,54,139600.0
9,2868,3.0,716.0,1992.0,1992,2005,2006,Ex,Gd,Ex,Fin,876,3,11,2005.0,1,208.0,240.0,16056,Av,BuiltIn,2Story,CemntBd,Partial,4860.0,3.5,1,0,556581.0
5,990,2.0,672.0,990.0,990,1994,1995,TA,TA,Gd,Unf,0,1,5,1996.0,0,0.0,686.0,9245,No,Detchd,1Story,VinylSd,Normal,1980.0,1.5,14,13,145000.0
5,1771,2.0,336.0,0.0,1771,1960,2006,TA,TA,,Unf,0,1,9,1960.0,1,75.0,0.0,21750,,Attchd,1Story,HdBoard,Normal,1771.0,1.0,49,3,115000.0
4,930,1.0,308.0,0.0,930,1946,2006,Gd,TA,,Unf,0,1,6,1946.0,0,0.0,0.0,11100,,Detchd,1Story,MetalSd,Abnorml,930.0,1.0,64,4,84900.0
7,1302,2.0,436.0,1302.0,1302,2007,2007,Gd,Gd,Gd,Fin,0,2,6,2007.0,0,0.0,0.0,8993,Av,Attchd,1Story,VinylSd,Partial,2604.0,2.0,0,0,176485.0
7,1316,2.0,440.0,1316.0,1316,2007,2007,Gd,Gd,Gd,Fin,0,2,6,2007.0,1,0.0,0.0,11175,Av,Attchd,1Story,VinylSd,Partial,2632.0,2.0,0,0,200141.0
6,1977,2.0,540.0,816.0,1127,1964,1978,TA,TA,TA,RFn,850,1,9,1964.0,1,272.0,442.0,9500,No,Attchd,2Story,VinylSd,Normal,2793.0,2.0,43,29,165000.0
5,1526,1.0,364.0,1216.0,1526,1957,2002,TA,TA,TA,Unf,0,1,7,1957.0,1,145.0,383.0,8562,Av,Basment,1Story,HdBoard,Normal,2742.0,1.0,53,8,144500.0
8,1989,2.0,586.0,1065.0,1091,2002,2002,Gd,Gd,Gd,Fin,898,2,7,2002.0,1,210.0,932.0,11367,Mn,Attchd,2Story,VinylSd,Normal,3054.0,3.5,4,4,255000.0
6,1523,2.0,478.0,1193.0,1523,1976,1976,TA,TA,Gd,Fin,0,2,7,1976.0,1,160.0,644.0,11361,No,Attchd,1Story,Plywood,Abnorml,2716.0,2.5,32,32,180000.0
7,1364,2.0,484.0,1364.0,1364,2005,2005,Gd,Gd,Gd,RFn,0,2,6,2005.0,1,240.0,659.0,7052,Av,Attchd,1Story,VinylSd,Normal,2728.0,3.0,1,1,185850.0
7,1850,2.0,467.0,973.0,979,1994,1994,Gd,Gd,Gd,Fin,871,2,7,1994.0,1,0.0,595.0,29959,No,BuiltIn,2Story,HdBoard,Normal,2823.0,2.5,15,15,248000.0
9,2184,3.0,836.0,1104.0,1130,2008,2008,Ex,Ex,Ex,Fin,1054,2,10,2008.0,1,154.0,936.0,11308,Av,Attchd,2Story,VinylSd,Normal,3288.0,3.5,1,1,335000.0
6,1991,2.0,432.0,854.0,1096,1932,1950,TA,TA,TA,Unf,895,1,7,1977.0,1,480.0,297.0,11275,Mn,Detchd,1.5Fin,MetalSd,Normal,2845.0,1.5,75,57,220000.0
8,1338,2.0,582.0,1338.0,1338,2001,2001,Gd,Gd,Gd,Fin,0,2,6,2001.0,0,0.0,616.0,4920,Mn,Attchd,1Story,CemntBd,Normal,2676.0,3.0,9,9,213500.0
3,894,3.0,1248.0,894.0,894,1935,1950,TA,Fa,TA,RFn,0,1,6,1994.0,0,0.0,0.0,18000,No,Detchd,1Story,MetalSd,Normal,1788.0,1.0,73,58,81000.0
5,2337,2.0,560.0,662.0,1422,1900,1950,TA,TA,TA,Unf,915,2,10,1945.0,0,0.0,0.0,13600,No,Detchd,2Story,Wd Sdng,Normal,2999.0,2.0,107,57,90000.0
6,1103,2.0,440.0,1103.0,1103,1925,1980,Gd,TA,TA,Unf,0,1,5,1976.0,1,0.0,397.0,6000,No,Detchd,1Story,MetalSd,Normal,2206.0,1.0,81,26,110500.0
5,1154,2.0,480.0,1154.0,1154,1966,1966,TA,TA,TA,RFn,0,1,6,1966.0,1,200.0,740.0,11000,Mn,Attchd,1Story,Plywood,Normal,2308.0,1.5,43,43,154000.0
7,2260,2.0,533.0,1306.0,1306,1996,1997,Gd,Gd,Ex,RFn,954,2,7,1996.0,0,0.0,1201.0,14000,Gd,Attchd,2Story,Wd Sdng,Normal,3566.0,3.5,14,13,328000.0
6,1571,2.0,380.0,799.0,799,1993,1994,TA,Gd,Gd,RFn,772,2,7,1993.0,1,0.0,0.0,7837,No,Attchd,2Story,VinylSd,Normal,2370.0,2.5,16,15,178000.0
6,1611,2.0,442.0,780.0,798,1964,1964,TA,TA,TA,RFn,813,1,7,1964.0,0,360.0,674.0,9760,Gd,Attchd,2Story,HdBoard,Normal,2391.0,2.5,44,44,167900.0
6,2521,2.0,576.0,942.0,1291,1973,1973,TA,TA,Gd,Fin,1230,2,10,1973.0,1,0.0,837.0,3964,No,Attchd,2Story,CemntBd,Normal,3463.0,3.5,33,33,151400.0
5,893,2.0,576.0,845.0,893,1949,2003,Gd,TA,TA,Unf,0,1,4,1985.0,0,0.0,220.0,9600,No,Detchd,1.5Unf,MetalSd,Normal,1738.0,1.5,58,4,135000.0
5,1048,1.0,286.0,1048.0,1048,1956,1956,TA,TA,TA,Unf,0,1,6,1956.0,0,120.0,586.0,10152,No,Attchd,1Story,MetalSd,Normal,2096.0,2.0,51,51,135000.0
6,1556,2.0,441.0,727.0,829,1968,1968,TA,TA,TA,Unf,727,1,8,1968.0,0,0.0,298.0,11700,No,Attchd,2Story,MetalSd,Normal,2283.0,1.5,41,41,154000.0
5,1456,1.0,280.0,810.0,1002,1948,1950,TA,TA,Fa,Unf,454,1,7,1954.0,1,0.0,0.0,7585,Mn,Detchd,1.5Fin,MetalSd,Normal,2266.0,2.5,58,56,91500.0
6,1426,2.0,440.0,690.0,698,1977,1977,TA,TA,TA,Fin,728,1,6,1977.0,0,140.0,535.0,7950,No,Attchd,2Story,HdBoard,Normal,2116.0,1.5,32,32,159500.0
7,1240,3.0,826.0,1240.0,1240,2006,2006,Gd,Gd,Gd,RFn,0,2,5,2006.0,0,0.0,0.0,8556,Av,Attchd,1Story,VinylSd,Normal,2480.0,2.0,1,1,194000.0
7,1740,1.0,240.0,800.0,960,1940,1984,TA,TA,TA,Unf,780,1,6,1940.0,2,0.0,410.0,13125,No,Attchd,2Story,Wd Sdng,Normal,2540.0,1.5,67,23,219500.0
5,1466,2.0,566.0,796.0,1096,1936,1989,Gd,TA,Fa,Unf,370,2,7,1950.0,1,0.0,626.0,10800,No,Attchd,1.5Fin,Wd Sdng,Normal,2262.0,2.5,70,17,170000.0
5,1096,1.0,299.0,1096.0,1096,1969,1969,TA,TA,TA,Fin,0,1,6,1969.0,0,0.0,75.0,15870,Mn,Attchd,1Story,VinylSd,Abnorml,2192.0,2.0,37,37,138800.0
6,848,2.0,420.0,848.0,848,2004,2004,Gd,Gd,Gd,RFn,0,1,3,2004.0,1,169.0,662.0,4435,Mn,Attchd,1Story,VinylSd,Normal,1696.0,2.0,2,2,155900.0
5,990,1.0,299.0,990.0,990,1994,1994,TA,TA,Gd,Unf,0,1,5,1996.0,0,0.0,495.0,8775,No,Attchd,1Story,VinylSd,Normal,1980.0,1.0,13,13,126000.0
6,1258,2.0,528.0,1258.0,1258,1971,2004,Gd,Gd,TA,RFn,0,2,5,1971.0,0,144.0,656.0,11040,No,Attchd,1Story,VinylSd,Abnorml,2516.0,2.5,37,4,145000.0
5,1040,1.0,308.0,1040.0,1040,1963,1963,TA,TA,TA,Fin,0,1,5,1963.0,0,0.0,824.0,7500,No,Attchd,1Story,HdBoard,Normal,2080.0,2.5,47,47,133000.0
7,1459,2.0,527.0,1459.0,1459,2002,2002,Gd,Gd,Gd,RFn,0,2,6,2002.0,1,100.0,0.0,8749,No,Attchd,1Story,VinylSd,Normal,2918.0,2.0,5,5,192000.0
6,1251,1.0,461.0,1251.0,1251,1964,1964,TA,TA,TA,RFn,0,1,6,1964.0,2,425.0,553.0,8800,No,Attchd,1Story,HdBoard,Normal,2502.0,2.0,42,42,160000.0
6,1498,2.0,409.0,691.0,691,1995,1996,TA,TA,Gd,Fin,807,2,6,1995.0,1,0.0,592.0,13031,No,Attchd,2Story,HdBoard,Normal,2189.0,2.5,11,10,187500.0
6,996,2.0,564.0,936.0,996,1992,1992,Gd,TA,Gd,Unf,0,1,5,1992.0,0,0.0,747.0,9069,Av,Attchd,SFoyer,HdBoard,Normal,1932.0,2.0,18,18,147000.0
4,1092,1.0,286.0,546.0,546,1973,1973,TA,TA,TA,RFn,546,1,6,1973.0,0,0.0,334.0,1974,No,Attchd,2Story,CemntBd,Normal,1638.0,1.5,37,37,83500.0
8,1953,3.0,1043.0,1082.0,1082,2005,2006,Gd,Gd,Gd,RFn,871,2,9,2005.0,1,0.0,0.0,10574,Mn,Attchd,2Story,VinylSd,Normal,3035.0,2.5,4,3,252000.0
7,1709,2.0,380.0,970.0,970,2004,2004,Gd,Gd,Gd,Unf,739,2,7,2004.0,0,50.0,0.0,2522,No,Detchd,2Story,VinylSd,Normal,2679.0,2.0,2,2,137500.0
8,1247,2.0,550.0,1247.0,1247,2005,2005,Gd,Gd,Gd,Fin,0,1,4,2005.0,1,0.0,1039.0,3316,No,Attchd,1Story,MetalSd,Normal,2494.0,2.5,1,1,197000.0
3,1040,2.0,400.0,0.0,1040,1950,1950,TA,TA,,Unf,0,2,6,1987.0,0,0.0,0.0,8544,,Detchd,1Story,BrkFace,Normal,1040.0,2.0,59,59,92900.0
7,1252,2.0,462.0,600.0,624,1999,2000,Gd,Gd,Gd,Unf,628,2,4,1999.0,0,212.0,510.0,2160,No,Detchd,2Story,MetalSd,Normal,1852.0,3.5,9,8,160000.0
6,1694,2.0,576.0,1181.0,1390,1925,1950,TA,TA,TA,Unf,304,2,7,1925.0,1,0.0,423.0,8400,No,Detchd,1.5Fin,MetalSd,Normal,2875.0,2.0,83,58,136500.0
5,1200,2.0,884.0,864.0,1200,1965,1998,Gd,TA,TA,Unf,0,1,6,1977.0,0,166.0,661.0,9230,Mn,Detchd,1Story,MetalSd,Normal,2064.0,2.5,41,8,146000.0
5,936,1.0,308.0,936.0,936,1956,2000,TA,TA,TA,Fin,0,1,4,1956.0,0,0.0,248.0,5868,No,Attchd,1Story,MetalSd,Normal,1872.0,2.0,54,10,129000.0
6,1314,2.0,440.0,1314.0,1314,2006,2006,Gd,Gd,Gd,RFn,0,2,6,2006.0,1,0.0,24.0,9317,No,Attchd,1Story,VinylSd,Normal,2628.0,2.0,1,1,176432.0
6,1355,0.0,0.0,684.0,773,1914,2006,Gd,TA,TA,,582,1,7,,0,0.0,0.0,6882,No,,2Story,Wd Sdng,Normal,2039.0,1.5,93,1,127000.0
8,1088,2.0,461.0,1074.0,1088,1986,1986,Gd,Gd,Gd,RFn,0,1,5,1987.0,0,0.0,0.0,3696,No,Attchd,1Story,HdBoard,Normal,2162.0,1.5,21,21,170000.0
4,1324,1.0,240.0,672.0,757,1936,1950,TA,TA,TA,Unf,567,1,6,1936.0,0,0.0,672.0,6000,No,Detchd,1.5Fin,MetalSd,Normal,1996.0,1.0,73,59,128000.0
7,1601,2.0,478.0,1271.0,1601,1978,1978,TA,TA,Gd,RFn,0,2,7,1978.0,1,206.0,704.0,11880,No,Attchd,1Story,Plywood,Abnorml,2872.0,2.0,31,31,157000.0
2,438,1.0,246.0,290.0,438,1920,1950,Fa,TA,TA,Unf,0,1,3,1930.0,0,0.0,290.0,8400,No,Detchd,1Story,Wd Sdng,Normal,728.0,1.0,89,59,60000.0
5,950,1.0,280.0,950.0,950,1971,1971,TA,TA,TA,Unf,0,1,5,1981.0,0,0.0,412.0,9758,No,Detchd,1Story,HdBoard,Normal,1900.0,1.0,36,36,119500.0
5,1134,1.0,254.0,1010.0,1134,1960,2002,TA,TA,TA,RFn,0,1,6,1960.0,0,45.0,588.0,7000,No,Attchd,1Story,Wd Sdng,Family,2144.0,1.0,47,5,135000.0
6,1194,2.0,539.0,655.0,1194,1959,1959,TA,TA,TA,Fin,0,1,6,1954.0,1,0.0,655.0,8910,Mn,BuiltIn,1Story,BrkFace,Normal,1849.0,1.5,47,47,159500.0
5,1302,2.0,440.0,630.0,630,1970,1970,TA,TA,TA,Unf,672,2,6,1970.0,0,304.0,0.0,2016,No,Detchd,2Story,HdBoard,Normal,1932.0,2.5,37,37,106000.0
8,2622,2.0,712.0,1463.0,1500,1994,1995,Gd,Gd,Ex,RFn,1122,2,9,1994.0,2,362.0,1032.0,12256,Av,Attchd,2Story,HdBoard,Normal,4085.0,3.5,16,15,325000.0
7,1442,2.0,719.0,910.0,1442,1990,1991,Gd,Gd,Gd,Fin,0,2,6,1990.0,1,0.0,738.0,10357,Mn,Attchd,1Story,HdBoard,Normal,2352.0,3.0,17,16,179900.0
7,2021,2.0,422.0,868.0,887,2006,2006,Gd,Gd,Ex,RFn,1134,2,9,2006.0,1,0.0,0.0,23257,No,BuiltIn,2Story,VinylSd,Partial,2889.0,2.5,0,0,274725.0
6,1690,2.0,463.0,924.0,948,2000,2000,TA,TA,Gd,RFn,742,2,7,2000.0,1,0.0,0.0,8063,No,Attchd,2Story,VinylSd,Abnorml,2614.0,2.5,7,7,181000.0
8,1836,3.0,862.0,1836.0,1836,2004,2005,Gd,Gd,Ex,Fin,0,2,7,2004.0,1,42.0,1039.0,11362,Mn,Attchd,1Story,MetalSd,Normal,3672.0,3.0,5,4,280000.0
6,1658,2.0,431.0,773.0,773,1995,1996,TA,TA,Gd,Fin,885,2,8,1995.0,1,0.0,219.0,8000,No,Attchd,2Story,HdBoard,Normal,2431.0,3.5,13,12,188000.0
7,1964,2.0,483.0,803.0,1098,1976,1976,TA,TA,TA,RFn,866,2,8,1976.0,1,660.0,403.0,10480,No,Attchd,2Story,Plywood,Normal,2767.0,2.5,32,32,205000.0
5,816,1.0,308.0,816.0,816,1957,1957,TA,TA,TA,Unf,0,1,5,1957.0,0,0.0,708.0,7100,No,Detchd,1Story,WdShing,Normal,1632.0,2.0,49,49,129900.0
5,1008,1.0,240.0,1008.0,1008,1953,2006,Gd,TA,TA,Unf,0,1,6,1953.0,0,0.0,643.0,8923,No,Attchd,1Story,Wd Sdng,Normal,2016.0,2.0,54,1,134500.0
5,833,1.0,326.0,833.0,833,1954,2000,Gd,TA,TA,Unf,0,1,4,1955.0,0,0.0,415.0,5400,No,Detchd,1Story,MetalSd,Normal,1666.0,1.0,52,6,117000.0
8,1734,3.0,928.0,1734.0,1734,2007,2007,Ex,Gd,Ex,RFn,0,2,7,2007.0,1,328.0,1004.0,12085,No,Attchd,1Story,VinylSd,Partial,3468.0,3.0,0,0,318000.0
8,1419,2.0,527.0,408.0,779,2002,2002,Gd,Gd,Gd,Fin,640,2,7,2002.0,1,0.0,353.0,7750,No,BuiltIn,SLvl,VinylSd,Normal,1827.0,3.5,7,7,184100.0
5,894,2.0,450.0,894.0,894,1967,2003,Gd,TA,TA,RFn,0,1,5,1967.0,0,0.0,702.0,9764,No,Attchd,1Story,VinylSd,Normal,1788.0,2.0,41,5,130000.0
5,1601,1.0,300.0,533.0,1021,1958,1987,TA,TA,TA,RFn,580,1,6,1958.0,0,0.0,0.0,13825,No,BuiltIn,SLvl,MetalSd,Normal,2134.0,1.5,50,21,140000.0
5,1040,1.0,286.0,1040.0,1040,1959,1959,TA,TA,TA,RFn,0,1,6,1959.0,0,0.0,369.0,7560,No,Attchd,1Story,BrkFace,Normal,2080.0,1.0,47,47,133700.0
6,1012,1.0,308.0,1012.0,1012,1920,1950,TA,TA,TA,Unf,0,1,6,1920.0,1,0.0,0.0,8263,No,Detchd,1Story,BrkFace,Normal,2024.0,1.0,87,57,118400.0
7,1552,3.0,782.0,1552.0,1552,2005,2006,Gd,Gd,Gd,RFn,0,2,7,2005.0,0,196.0,24.0,10084,Av,Attchd,1Story,VinylSd,Partial,3104.0,2.0,1,0,212900.0
4,960,1.0,288.0,672.0,960,1956,1956,TA,TA,TA,Unf,0,1,5,1956.0,0,0.0,0.0,8926,No,Basment,1Story,AsbShng,Abnorml,1632.0,1.0,53,53,112000.0
5,698,0.0,0.0,698.0,698,1947,2008,TA,TA,TA,,0,1,4,,0,0.0,0.0,9405,No,,1Story,VinylSd,Normal,1396.0,1.5,62,1,118000.0
7,1482,2.0,392.0,384.0,812,1992,1992,Gd,TA,Gd,Fin,670,2,7,1992.0,1,170.0,0.0,9125,No,Attchd,SLvl,HdBoard,Normal,1866.0,2.5,15,15,163900.0
4,1005,2.0,672.0,1005.0,1005,1955,1955,Fa,TA,TA,Unf,0,1,5,1977.0,1,0.0,0.0,10434,No,Detchd,1Story,Plywood,Normal,2010.0,1.0,54,54,115000.0
7,1555,3.0,660.0,1373.0,1555,2007,2007,Gd,Gd,Gd,Fin,0,2,7,2007.0,1,130.0,0.0,3684,No,Attchd,1Story,VinylSd,Normal,2928.0,2.0,2,2,174000.0
7,1530,3.0,630.0,1530.0,1530,2004,2004,Gd,Gd,Gd,Fin,0,2,7,2004.0,1,0.0,1300.0,14572,Av,Attchd,1Story,VinylSd,Family,3060.0,3.0,3,3,259000.0
7,1959,2.0,434.0,847.0,847,2004,2005,Gd,Gd,Gd,Fin,1112,2,8,2004.0,1,0.0,0.0,11796,Av,BuiltIn,2Story,VinylSd,Normal,2806.0,2.5,3,2,215000.0
5,936,2.0,672.0,936.0,936,1980,1980,TA,TA,Gd,Unf,0,1,4,1980.0,0,180.0,936.0,7200,Gd,Detchd,SFoyer,MetalSd,Normal,1872.0,2.0,27,27,140000.0
4,1981,2.0,576.0,1122.0,1328,1928,1950,Gd,TA,TA,Unf,653,2,7,1981.0,2,0.0,622.0,7804,No,Detchd,1.5Fin,WdShing,Normal,3103.0,3.0,81,59,135000.0
5,974,0.0,0.0,974.0,974,1991,1992,TA,TA,Gd,,0,1,5,,0,0.0,212.0,10712,Mn,,1Story,HdBoard,Abnorml,1948.0,1.0,16,15,93500.0
6,2210,1.0,205.0,1008.0,1178,1880,1950,Fa,TA,TA,Unf,1032,2,8,1930.0,0,0.0,0.0,9900,Mn,Detchd,2Story,Wd Sdng,Normal,3218.0,2.0,127,57,117500.0
8,2020,2.0,466.0,1128.0,1142,1995,1995,Gd,Gd,Gd,RFn,878,2,8,1995.0,1,0.0,584.0,9828,No,Attchd,2Story,VinylSd,Normal,3148.0,2.5,14,14,239500.0
6,1600,2.0,460.0,916.0,916,1997,1997,TA,TA,Gd,Fin,684,2,7,1997.0,1,0.0,0.0,8773,Av,Attchd,2Story,VinylSd,Normal,2516.0,2.5,10,10,169000.0
6,986,1.0,180.0,960.0,986,1926,1950,TA,TA,TA,Unf,0,1,5,1926.0,1,0.0,0.0,6180,No,Detchd,1Story,Wd Sdng,Normal,1946.0,1.0,81,57,102000.0
6,1252,1.0,288.0,1032.0,1032,1950,1950,TA,TA,TA,Unf,220,1,6,1950.0,0,0.0,280.0,9600,No,Attchd,1.5Fin,VinylSd,Abnorml,2284.0,1.0,58,58,119000.0
5,1020,0.0,0.0,780.0,780,1875,1996,TA,TA,TA,,240,1,6,,0,0.0,0.0,6342,No,,1.5Fin,VinylSd,Normal,1800.0,1.0,135,14,94000.0
6,1567,2.0,714.0,1567.0,1567,1977,1977,Gd,TA,TA,RFn,0,2,5,1977.0,2,0.0,1567.0,9819,Gd,Attchd,1Story,Plywood,Normal,3134.0,3.0,32,32,196000.0
5,1167,2.0,495.0,915.0,1167,1920,1950,TA,TA,TA,Unf,0,1,6,1972.0,1,0.0,645.0,8731,No,Detchd,1Story,Stucco,Normal,2082.0,1.0,87,57,144000.0
5,952,2.0,840.0,952.0,952,1951,1951,TA,TA,TA,Unf,0,1,4,1988.0,0,0.0,852.0,7350,Mn,Detchd,1Story,HdBoard,Abnorml,1904.0,2.0,57,57,139000.0
5,1868,2.0,484.0,780.0,1088,1976,1976,Gd,TA,TA,Unf,780,2,9,1976.0,1,44.0,381.0,10304,No,Attchd,2Story,Plywood,Normal,2648.0,3.5,33,33,197500.0
8,2828,3.0,1052.0,1466.0,1466,2006,2007,Gd,Gd,Ex,RFn,1362,3,11,2006.0,1,340.0,1150.0,9965,Gd,BuiltIn,2Story,VinylSd,Partial,4294.0,4.0,1,0,424870.0
5,1006,0.0,0.0,1006.0,1006,1959,1959,TA,TA,TA,,0,1,5,,0,0.0,288.0,9000,No,,1Story,Wd Sdng,Normal,2012.0,1.0,49,49,80000.0
4,924,1.0,280.0,672.0,672,1941,1950,Fa,TA,Gd,Unf,252,1,5,1941.0,0,0.0,348.0,12180,No,Detchd,1.5Fin,MetalSd,Normal,1596.0,2.0,69,60,80000.0
5,1576,1.0,225.0,1042.0,1042,1928,1950,TA,TA,TA,Unf,534,1,8,1928.0,1,0.0,0.0,6240,No,Detchd,1.5Fin,MetalSd,Family,2618.0,1.0,78,56,149000.0
6,1298,2.0,403.0,1298.0,1298,1985,1985,Gd,Gd,Gd,Unf,0,2,5,1985.0,1,85.0,1258.0,11200,No,Attchd,1Story,Wd Sdng,Normal,2596.0,3.0,21,21,180000.0
7,1564,1.0,234.0,704.0,860,1941,1950,Fa,TA,TA,Unf,704,1,7,1941.0,1,0.0,275.0,12000,No,Attchd,2Story,MetalSd,Normal,2268.0,1.5,68,59,174500.0
7,1111,1.0,288.0,572.0,572,1926,1950,TA,TA,TA,Unf,539,1,5,1982.0,1,0.0,0.0,5700,No,Detchd,1.5Fin,Wd Sdng,Normal,1683.0,1.0,82,58,116900.0
7,1482,2.0,324.0,650.0,832,1920,1988,TA,TA,TA,Unf,650,1,7,1930.0,0,0.0,624.0,9000,No,Detchd,2Story,VinylSd,Normal,2132.0,1.5,89,21,143000.0
6,932,1.0,306.0,932.0,932,1950,1950,Gd,TA,TA,Unf,0,1,4,1950.0,1,0.0,0.0,8280,No,Attchd,1Story,BrkFace,Normal,1864.0,1.0,57,57,124000.0
5,1466,2.0,528.0,1466.0,1466,1959,1959,Fa,TA,TA,Fin,0,1,6,1959.0,2,132.0,176.0,17755,No,Attchd,1Story,HdBoard,Normal,2932.0,1.5,47,47,149900.0
6,1811,2.0,470.0,1073.0,1811,1956,2004,Ex,TA,TA,Fin,0,1,6,1956.0,1,0.0,296.0,14115,No,Attchd,1Story,Stone,Abnorml,2884.0,1.0,50,2,230000.0
6,816,1.0,432.0,816.0,816,1930,2007,TA,Gd,TA,Unf,0,1,5,2002.0,0,0.0,538.0,5890,Av,Detchd,1Story,Wd Sdng,Normal,1632.0,1.0,78,1,120500.0
7,1820,2.0,492.0,864.0,902,1965,1988,Gd,TA,TA,Unf,918,1,8,1965.0,2,288.0,454.0,13700,Gd,Attchd,2Story,VinylSd,Normal,2684.0,2.0,43,20,201800.0
5,1437,2.0,528.0,1437.0,1437,1976,2004,Gd,Gd,Gd,RFn,0,2,6,1976.0,1,0.0,1157.0,10768,Gd,Attchd,1Story,Plywood,Normal,2874.0,3.0,31,3,218000.0
5,1265,2.0,502.0,1219.0,1265,1965,1999,Gd,TA,TA,RFn,0,2,6,1965.0,1,0.0,633.0,9350,Gd,Attchd,SLvl,BrkFace,Normal,2484.0,2.5,43,9,179900.0
7,1314,2.0,626.0,1314.0,1314,2007,2008,Gd,Gd,Gd,RFn,0,2,6,2008.0,1,166.0,904.0,5001,No,Attchd,1Story,VinylSd,Normal,2628.0,3.0,2,1,230000.0
8,1580,3.0,830.0,1580.0,1580,2007,2008,Gd,Gd,Gd,RFn,0,2,7,2008.0,0,186.0,0.0,11932,No,Attchd,1Story,VinylSd,Partial,3160.0,2.0,1,0,235128.0
6,1876,2.0,540.0,901.0,943,1974,1974,Gd,Gd,TA,RFn,933,2,8,1974.0,1,270.0,442.0,9120,No,Attchd,2Story,HdBoard,Normal,2777.0,2.5,34,34,185000.0
6,1456,2.0,440.0,855.0,855,1978,1978,TA,TA,Gd,Unf,601,2,7,1978.0,1,0.0,311.0,2280,No,Attchd,2Story,Plywood,Normal,2311.0,2.5,32,32,146000.0
6,1640,2.0,924.0,1296.0,1640,1954,2006,Gd,Gd,TA,Unf,0,1,7,1993.0,1,72.0,728.0,14778,No,Detchd,1Story,HdBoard,Normal,2936.0,2.0,54,2,224000.0
5,894,2.0,450.0,894.0,894,1968,1968,TA,TA,Gd,Fin,0,1,5,1968.0,1,0.0,492.0,8724,No,Attchd,1Story,VinylSd,Normal,1788.0,1.0,39,39,129000.0
4,1258,2.0,400.0,1198.0,1258,1969,1969,TA,TA,Gd,Unf,0,0,6,1969.0,0,0.0,1198.0,12900,Av,CarPort,SFoyer,Plywood,Alloca,2456.0,3.0,39,39,108959.0
5,1432,2.0,588.0,1360.0,1432,1978,1978,Gd,TA,Gd,Unf,0,1,5,1978.0,1,0.0,680.0,16157,Gd,Attchd,SLvl,Plywood,Normal,2792.0,2.5,29,29,194000.0
7,1502,2.0,644.0,1502.0,1502,2009,2009,Gd,Gd,Gd,RFn,0,2,7,2009.0,0,268.0,0.0,9541,No,Attchd,1Story,VinylSd,Partial,3004.0,2.0,0,0,233170.0
8,1694,3.0,776.0,1694.0,1694,2008,2008,Gd,Gd,Gd,RFn,0,2,7,2008.0,0,72.0,0.0,10475,Av,Attchd,1Story,VinylSd,Normal,3388.0,2.0,2,2,245350.0
6,1671,2.0,472.0,959.0,959,2000,2000,TA,TA,Gd,Fin,712,2,7,2000.0,1,0.0,786.0,10852,No,Attchd,2Story,VinylSd,Normal,2630.0,3.5,6,6,173000.0
6,2108,2.0,540.0,1127.0,1236,1935,1986,Gd,TA,TA,Unf,872,2,7,1935.0,2,0.0,626.0,13728,No,Basment,2Story,Stucco,Normal,3235.0,2.0,73,22,235000.0
10,3627,3.0,807.0,1930.0,1831,1995,1996,Gd,Gd,Ex,Fin,1796,3,10,1995.0,1,1378.0,1387.0,35760,Gd,Attchd,2Story,HdBoard,Normal,5557.0,4.5,11,10,625000.0
6,1118,1.0,358.0,1096.0,1118,1977,1977,TA,TA,TA,Fin,0,1,6,1977.0,1,0.0,522.0,9880,Av,Attchd,SLvl,Plywood,Normal,2214.0,2.0,31,31,171000.0
6,1261,2.0,433.0,1261.0,1261,1958,1958,TA,TA,TA,RFn,0,1,6,1958.0,1,0.0,662.0,9120,No,Attchd,1Story,MetalSd,Normal,2522.0,2.0,50,50,163000.0
7,1250,2.0,625.0,625.0,625,2006,2007,Gd,Gd,Gd,Fin,625,2,5,2006.0,0,0.0,0.0,4017,No,Detchd,2Story,MetalSd,Normal,1875.0,2.5,2,1,171900.0
5,3086,0.0,0.0,1598.0,1636,1946,1994,Ex,TA,TA,,971,3,12,,1,0.0,152.0,18030,No,,1.5Fin,MetalSd,Normal,4205.0,3.0,61,13,200500.0
6,2345,2.0,360.0,952.0,1170,1932,1950,TA,TA,Gd,Unf,1175,2,9,1932.0,1,0.0,503.0,16560,No,Detchd,2Story,Wd Sdng,Normal,3297.0,2.5,74,56,239000.0
8,2872,2.0,541.0,1683.0,2129,1992,2000,Gd,Gd,Gd,Fin,743,2,9,1992.0,1,337.0,700.0,10678,No,Attchd,1.5Fin,HdBoard,Normal,4555.0,2.5,15,7,285000.0
5,923,1.0,264.0,876.0,923,1984,1985,TA,TA,TA,Unf,0,1,5,1984.0,0,0.0,658.0,6951,No,Attchd,1Story,HdBoard,Normal,1799.0,2.0,24,23,119500.0
6,1224,1.0,210.0,818.0,818,1926,2004,TA,TA,TA,Unf,406,1,5,1926.0,0,0.0,468.0,3950,No,Detchd,1.5Fin,MetalSd,Normal,2042.0,1.0,83,5,115000.0
5,1343,1.0,186.0,731.0,820,1921,1950,TA,TA,TA,Unf,523,1,7,1921.0,1,0.0,0.0,7681,No,Detchd,1.5Fin,Wd Sdng,Normal,2074.0,1.5,88,59,154900.0
5,1124,0.0,0.0,0.0,1124,1954,1954,TA,TA,,,0,1,5,,1,0.0,0.0,8335,,,1Story,Wd Sdng,Normal,1124.0,1.0,52,52,93000.0
7,2514,2.0,693.0,1216.0,1298,1990,1991,TA,TA,Gd,Fin,1216,2,8,1990.0,0,0.0,1216.0,11170,No,Attchd,2Story,MetalSd,Normal,3730.0,2.5,16,15,250000.0
8,1652,2.0,482.0,1600.0,1652,2008,2008,Gd,Ex,Ex,Fin,0,2,5,2008.0,1,186.0,1480.0,5587,Gd,Attchd,1Story,CemntBd,Partial,3252.0,3.5,0,0,392500.0
10,4476,3.0,813.0,2396.0,2411,1996,1996,Ex,Gd,Ex,Fin,2065,3,10,1996.0,2,0.0,2096.0,15623,Av,Attchd,2Story,Wd Sdng,Abnorml,6872.0,4.5,11,11,745000.0
5,1130,2.0,720.0,1120.0,1130,1920,1950,TA,TA,TA,Unf,0,1,5,1970.0,1,0.0,821.0,10800,No,Detchd,1Story,Stucco,Normal,2250.0,2.0,86,56,120000.0
5,1572,3.0,995.0,1572.0,1572,1963,1963,TA,TA,TA,RFn,0,1,5,1963.0,2,226.0,1159.0,35133,Gd,2Types,1Story,MetalSd,Normal,3144.0,2.5,44,44,186700.0
5,1221,1.0,392.0,784.0,949,1924,1950,TA,TA,TA,Unf,272,1,7,1965.0,0,0.0,392.0,9738,No,Attchd,1.5Fin,AsbShng,Normal,2005.0,2.0,82,56,104900.0
3,1699,2.0,420.0,978.0,1014,1900,1970,TA,TA,Fa,Unf,685,2,7,1920.0,0,0.0,440.0,10615,Mn,CarPort,2Story,HdBoard,Abnorml,2677.0,3.0,109,39,95000.0
8,1624,3.0,757.0,1624.0,1624,1994,1995,Gd,Gd,Gd,RFn,0,2,5,1994.0,1,0.0,1456.0,12461,No,Attchd,1Story,ImStucc,Normal,3248.0,3.0,12,11,262000.0
7,1660,2.0,493.0,831.0,831,2002,2002,Gd,Gd,Gd,RFn,829,2,7,2002.0,0,95.0,0.0,8935,No,Attchd,2Story,VinylSd,Normal,2491.0,2.5,7,7,195000.0
7,1804,2.0,442.0,994.0,1028,1999,1999,Gd,TA,TA,Fin,776,2,7,1999.0,1,0.0,0.0,7500,No,Attchd,2Story,VinylSd,Normal,2798.0,2.5,11,11,189000.0
4,1622,4.0,1356.0,1249.0,1622,1961,1975,TA,TA,TA,Fin,0,1,7,1975.0,1,149.0,1159.0,32463,Av,2Types,1Story,MetalSd,Normal,2871.0,2.0,46,32,168000.0
8,1441,2.0,492.0,776.0,764,1999,2000,Gd,Gd,Gd,Unf,677,2,5,1999.0,0,456.0,0.0,2645,No,Detchd,2Story,MetalSd,Normal,2217.0,2.5,8,7,174000.0
5,1472,1.0,250.0,702.0,842,1925,1994,Gd,TA,TA,Unf,630,1,6,1925.0,0,0.0,0.0,9600,Mn,Detchd,1.5Fin,VinylSd,Normal,2174.0,1.0,82,13,125000.0
6,1224,2.0,402.0,1224.0,1224,1999,1999,TA,TA,Ex,Fin,0,2,5,1999.0,0,425.0,883.0,4500,No,Attchd,1Story,VinylSd,Normal,2448.0,3.0,10,10,165000.0
6,1352,1.0,299.0,663.0,663,1969,1969,TA,TA,TA,Fin,689,1,7,1969.0,0,143.0,371.0,9364,No,Attchd,2Story,HdBoard,Normal,2015.0,1.5,41,41,158000.0
6,1456,2.0,400.0,728.0,728,2005,2005,Gd,TA,Gd,Fin,728,2,8,2005.0,0,0.0,0.0,8029,No,Attchd,2Story,VinylSd,Normal,2184.0,2.5,3,3,176000.0
7,1863,3.0,660.0,879.0,879,2006,2006,Gd,Gd,Gd,Fin,984,2,9,2006.0,1,0.0,0.0,14054,Av,BuiltIn,2Story,VinylSd,Partial,2742.0,2.5,0,0,219210.0
7,1690,1.0,225.0,815.0,815,1916,1950,TA,TA,TA,Unf,875,1,7,1916.0,1,0.0,0.0,8850,No,Detchd,2.5Unf,MetalSd,Normal,2505.0,1.0,90,56,144000.0
7,1212,2.0,573.0,1212.0,1212,2001,2001,Gd,Gd,Gd,RFn,0,2,6,2001.0,0,0.0,0.0,9100,No,Attchd,1Story,VinylSd,Normal,2424.0,2.0,8,8,178000.0
4,1382,2.0,459.0,1051.0,1382,1963,1979,TA,TA,TA,Unf,0,1,6,1974.0,1,51.0,547.0,11235,No,Attchd,1Story,HdBoard,Normal,2433.0,1.5,43,27,148000.0
4,864,1.0,280.0,864.0,864,1970,1970,TA,TA,TA,Unf,0,1,5,1972.0,0,0.0,0.0,9353,No,Attchd,1Story,MetalSd,Abnorml,1728.0,1.0,36,36,116050.0
7,1779,2.0,546.0,866.0,866,1998,1998,Gd,TA,Gd,RFn,913,2,6,1998.0,0,0.0,0.0,10400,Av,Attchd,2Story,VinylSd,Normal,2645.0,2.5,11,11,197900.0
5,1348,1.0,216.0,884.0,884,1925,1997,TA,TA,TA,Unf,464,1,5,1960.0,1,0.0,0.0,6000,No,Detchd,1.5Fin,Wd Sdng,Normal,2232.0,2.0,84,12,117000.0
7,1630,2.0,451.0,1630.0,1630,2000,2001,Gd,Gd,Gd,Unf,0,2,6,2000.0,1,171.0,0.0,9750,No,Attchd,1Story,VinylSd,Normal,3260.0,2.0,9,8,213000.0
5,1074,2.0,495.0,1056.0,1074,1975,1975,TA,TA,Gd,RFn,0,1,6,1975.0,0,0.0,788.0,10140,No,Attchd,1Story,HdBoard,Normal,2130.0,2.5,31,31,153500.0
7,2196,3.0,701.0,2158.0,2196,1990,1991,Gd,Gd,Gd,RFn,0,2,7,1990.0,1,234.0,485.0,14684,Mn,Attchd,1Story,HdBoard,Normal,4354.0,2.0,19,18,271900.0
4,1056,1.0,384.0,1056.0,1056,1966,1966,TA,TA,TA,Unf,0,1,5,1966.0,0,0.0,1056.0,8900,No,Detchd,1Story,HdBoard,Normal,2112.0,2.0,40,40,107000.0
6,1700,2.0,544.0,1682.0,1700,2003,2003,Gd,Gd,Gd,RFn,0,2,7,2003.0,0,120.0,340.0,9135,Av,Attchd,1Story,VinylSd,Normal,3382.0,3.0,3,3,200000.0
5,1283,2.0,506.0,931.0,1283,1962,1980,TA,TA,TA,Unf,0,1,6,1980.0,0,0.0,504.0,7763,No,Detchd,1Story,MetalSd,Normal,2214.0,2.0,46,28,140000.0
8,1660,2.0,500.0,1660.0,1660,2006,2006,Gd,Gd,Ex,RFn,0,2,8,2006.0,1,420.0,1220.0,10182,Mn,Attchd,1Story,VinylSd,Partial,3320.0,3.0,0,0,290000.0
6,1845,2.0,462.0,1055.0,1055,1992,1992,Gd,Gd,Gd,RFn,790,2,8,1992.0,1,0.0,0.0,11218,No,Attchd,2Story,Wd Sdng,Normal,2900.0,2.5,18,18,189000.0
8,1752,2.0,492.0,559.0,1080,1988,2005,TA,Gd,Gd,RFn,672,2,8,1988.0,0,0.0,427.0,12134,Av,Basment,1.5Fin,Wd Sdng,Normal,2311.0,2.0,22,5,164000.0
4,672,1.0,234.0,672.0,672,1941,1950,TA,TA,TA,Unf,0,1,4,1941.0,0,0.0,344.0,9340,No,Attchd,1Story,MetalSd,Normal,1344.0,2.0,68,59,113000.0
4,960,1.0,364.0,648.0,960,1965,2001,TA,TA,TA,Unf,0,0,3,1965.0,0,0.0,648.0,10246,Av,Attchd,SLvl,VinylSd,Normal,1608.0,1.5,41,5,145000.0
5,999,1.0,300.0,925.0,999,1962,1962,TA,TA,TA,Unf,0,1,6,1962.0,0,0.0,784.0,10205,Av,Attchd,SFoyer,MetalSd,Normal,1924.0,2.0,44,44,134500.0
5,894,1.0,384.0,894.0,894,1966,1966,TA,TA,TA,RFn,0,1,5,1966.0,0,0.0,180.0,7094,No,Detchd,1Story,VinylSd,Normal,1788.0,1.0,41,41,125000.0
6,1902,2.0,539.0,0.0,1318,1978,1978,TA,TA,,Unf,584,2,8,1978.0,0,0.0,0.0,8930,,Attchd,1.5Fin,VinylSd,Normal,1902.0,2.0,32,32,112000.0
8,1314,2.0,552.0,1300.0,1314,2009,2009,Gd,Gd,Gd,RFn,0,2,6,2009.0,0,72.0,936.0,8640,Mn,Attchd,1Story,CemntBd,Partial,2614.0,3.0,0,0,229456.0
4,912,0.0,0.0,0.0,672,1947,1950,TA,TA,,,240,1,3,,0,0.0,0.0,6240,,,1.5Fin,AsbShng,Normal,912.0,1.0,59,56,80500.0
6,1218,0.0,0.0,672.0,672,1971,1971,TA,TA,TA,,546,1,7,,0,236.0,0.0,1680,No,,2Story,CemntBd,Abnorml,1890.0,1.5,35,35,91500.0
5,912,1.0,288.0,912.0,912,1964,1964,TA,TA,TA,Unf,0,1,5,1964.0,0,0.0,312.0,7800,No,Attchd,1Story,Wd Sdng,Abnorml,1824.0,1.0,42,42,115000.0
5,1211,1.0,322.0,952.0,1211,1968,1968,TA,TA,TA,Unf,0,1,5,1968.0,1,0.0,250.0,8250,No,Attchd,1Story,HdBoard,Normal,2163.0,1.0,40,40,134000.0
6,1846,1.0,315.0,1040.0,1168,1949,1950,TA,TA,TA,Unf,678,2,7,1949.0,1,320.0,196.0,10496,Mn,Attchd,1.5Fin,Wd Sdng,Normal,2886.0,2.0,58,57,143000.0
5,2136,2.0,528.0,2136.0,2136,1951,1951,TA,TA,TA,Unf,0,2,7,1951.0,0,44.0,756.0,10680,No,Detchd,1Story,Wd Sdng,Normal,4272.0,2.0,55,55,137900.0
7,1490,2.0,388.0,788.0,788,2004,2005,Gd,Gd,Gd,Fin,702,2,8,2004.0,1,0.0,724.0,15384,Av,Attchd,2Story,VinylSd,Normal,2278.0,3.5,4,3,184000.0
6,1138,1.0,264.0,588.0,1138,1958,1958,TA,TA,TA,RFn,0,1,6,1958.0,0,63.0,507.0,10482,Av,Attchd,SLvl,VinylSd,Normal,1726.0,1.5,49,49,145000.0
6,1933,3.0,668.0,894.0,894,2007,2007,Gd,Gd,Gd,Fin,1039,2,9,2007.0,1,74.0,0.0,14598,Mn,BuiltIn,2Story,VinylSd,Normal,2827.0,2.5,1,1,214000.0
5,912,2.0,576.0,912.0,912,1965,2008,Gd,TA,TA,Unf,0,1,5,1992.0,0,300.0,595.0,8872,No,Detchd,1Story,VinylSd,Normal,1824.0,2.0,43,0,147000.0
9,1702,3.0,1052.0,1702.0,1702,2008,2008,Ex,Ex,Ex,Fin,0,1,7,2008.0,1,766.0,1540.0,8769,No,Attchd,1Story,MetalSd,Partial,3404.0,2.5,0,0,367294.0
5,1507,1.0,404.0,1075.0,1507,1960,1960,TA,TA,TA,Unf,0,2,7,1960.0,0,0.0,666.0,7910,No,Basment,SLvl,BrkFace,Normal,2582.0,2.0,48,48,127000.0
5,2620,2.0,600.0,1361.0,1361,1977,1977,TA,TA,Gd,RFn,1259,2,12,1977.0,1,1.0,498.0,18890,No,BuiltIn,1.5Fin,Plywood,Normal,3981.0,3.0,30,30,190000.0
5,1190,2.0,540.0,1106.0,1190,1962,1962,TA,TA,TA,Unf,0,1,6,1962.0,0,120.0,803.0,7728,Av,Attchd,SLvl,Wd Sdng,Normal,2296.0,2.0,44,44,132500.0
4,1224,2.0,462.0,0.0,1224,1962,1962,TA,TA,,Unf,0,2,6,1962.0,0,0.0,0.0,9842,,CarPort,1Story,HdBoard,Normal,1224.0,2.0,45,45,101800.0
5,1188,2.0,531.0,1188.0,1188,1959,1959,TA,TA,TA,RFn,0,1,6,1959.0,0,180.0,1000.0,12160,No,Attchd,1Story,Plywood,Abnorml,2376.0,2.0,51,51,142000.0
5,1964,0.0,0.0,940.0,1024,1911,1950,TA,TA,TA,,940,1,7,,0,0.0,0.0,8525,Av,,2Story,MetalSd,Abnorml,2904.0,1.5,97,58,130000.0
5,1784,1.0,180.0,747.0,892,1914,1950,TA,TA,Gd,Unf,892,1,9,1914.0,0,0.0,0.0,13132,Mn,Detchd,2Story,Wd Sdng,Normal,2531.0,1.5,92,56,138887.0
7,1626,2.0,474.0,764.0,764,2003,2003,Gd,Gd,Gd,RFn,862,2,6,2003.0,0,106.0,0.0,2628,No,BuiltIn,2Story,VinylSd,Normal,2390.0,2.5,7,7,175500.0
7,1948,2.0,434.0,847.0,847,2004,2005,Gd,Gd,Gd,Fin,1101,2,8,2004.0,1,0.0,0.0,12393,No,BuiltIn,2Story,VinylSd,Normal,2795.0,2.5,2,1,195000.0
6,1141,2.0,484.0,1141.0,1141,2005,2005,TA,Gd,Gd,Unf,0,1,6,2005.0,0,0.0,0.0,13072,No,Detchd,1Story,VinylSd,Abnorml,2282.0,1.5,1,1,142500.0
8,1484,2.0,472.0,1476.0,1484,2006,2006,Ex,Gd,Gd,RFn,0,2,6,2006.0,1,32.0,428.0,9037,Av,Attchd,1Story,VinylSd,Normal,2960.0,2.0,1,1,265900.0
7,1768,2.0,543.0,884.0,884,2003,2003,Gd,Gd,Gd,RFn,884,2,8,2003.0,0,252.0,550.0,8158,No,Attchd,2Story,VinylSd,Normal,2652.0,3.5,5,5,224900.0
7,1689,3.0,954.0,1689.0,1689,2007,2007,Gd,Gd,Gd,RFn,0,2,7,2007.0,0,0.0,0.0,9849,Av,Attchd,1Story,VinylSd,Partial,3378.0,2.0,0,0,248328.0
7,1173,2.0,528.0,1053.0,1173,1974,1974,Gd,TA,Gd,RFn,0,2,6,1974.0,2,81.0,885.0,10625,Gd,Attchd,SFoyer,Plywood,Family,2226.0,3.0,36,36,170000.0
10,2076,3.0,850.0,2076.0,2076,2006,2006,Ex,Ex,Ex,Fin,0,2,7,2006.0,1,0.0,1386.0,13891,Gd,Attchd,1Story,VinylSd,Partial,4152.0,3.5,0,0,465000.0
8,1517,2.0,400.0,792.0,792,1929,1950,Gd,TA,Gd,Unf,725,1,7,1931.0,2,0.0,0.0,11435,No,Detchd,2Story,BrkFace,Normal,2309.0,1.0,77,56,230000.0
6,1868,2.0,477.0,585.0,1140,1984,2003,TA,TA,Gd,Fin,728,3,7,1984.0,1,74.0,0.0,12090,No,BuiltIn,SLvl,VinylSd,Abnorml,2453.0,3.5,23,4,178000.0
7,1553,2.0,615.0,756.0,756,2005,2006,Gd,Gd,Gd,RFn,797,2,6,2005.0,0,0.0,0.0,8125,No,Attchd,2Story,VinylSd,Partial,2309.0,2.5,1,0,186500.0
6,1034,3.0,888.0,1012.0,1034,1976,1976,TA,TA,TA,Unf,0,1,6,1976.0,0,335.0,539.0,12328,Av,Attchd,SLvl,HdBoard,Normal,2046.0,2.0,34,34,169900.0
6,2058,2.0,396.0,735.0,1134,1917,1950,TA,TA,Gd,Unf,924,1,8,1950.0,1,0.0,319.0,9600,No,Detchd,2.5Unf,AsbShng,Normal,2793.0,1.5,91,58,129500.0
5,988,1.0,276.0,876.0,988,1950,1950,TA,TA,TA,Unf,0,1,6,1950.0,0,0.0,534.0,7200,No,Attchd,1Story,MetalSd,Normal,1864.0,1.0,57,57,119000.0
7,2110,2.0,522.0,2110.0,2110,1968,1968,Ex,Gd,TA,Fin,0,2,8,1968.0,2,0.0,1065.0,11160,No,Attchd,1Story,BrkFace,Normal,4220.0,3.5,42,42,244000.0
7,1405,2.0,478.0,1405.0,1405,2003,2003,Gd,Gd,Gd,RFn,0,2,6,2003.0,1,163.0,0.0,3136,No,Attchd,1Story,VinylSd,Normal,2810.0,2.0,3,3,171750.0
5,874,1.0,288.0,864.0,874,1968,1968,TA,TA,TA,RFn,0,1,5,1968.0,0,0.0,510.0,9858,No,Attchd,1Story,HdBoard,Normal,1738.0,2.0,41,41,130000.0
7,2167,2.0,518.0,1192.0,1516,1974,2003,Gd,Gd,TA,RFn,651,2,9,1974.0,2,0.0,125.0,17542,Gd,Attchd,2Story,Wd Sdng,Normal,3359.0,3.5,33,4,294000.0
7,1656,2.0,397.0,746.0,760,2003,2004,Gd,Gd,Gd,Fin,896,2,7,2003.0,1,92.0,0.0,6931,No,BuiltIn,2Story,VinylSd,Normal,2402.0,2.5,5,4,165400.0
6,1367,1.0,560.0,884.0,959,1931,1950,TA,TA,TA,Unf,408,1,6,1978.0,1,0.0,425.0,6240,No,Detchd,1.5Fin,Wd Sdng,Normal,2251.0,1.0,76,57,127500.0
8,1987,2.0,691.0,1986.0,1987,1994,1994,Gd,Gd,Gd,Fin,0,2,7,1994.0,1,554.0,1314.0,14303,Gd,Attchd,1Story,HdBoard,Normal,3973.0,3.0,14,14,301500.0
5,864,0.0,0.0,864.0,864,1922,1950,TA,TA,Fa,,0,1,4,,0,0.0,0.0,4060,No,,1Story,Wd Sdng,Normal,1728.0,1.0,87,59,99900.0
7,1166,2.0,400.0,856.0,1166,2005,2005,Gd,Gd,Gd,Fin,0,2,5,2005.0,0,182.0,655.0,9587,Gd,Attchd,SLvl,VinylSd,Normal,2022.0,3.0,3,3,190000.0
6,1054,2.0,460.0,1054.0,1054,1969,1969,TA,TA,Gd,Unf,0,1,6,1969.0,0,0.0,602.0,9750,No,Attchd,1Story,HdBoard,Normal,2108.0,2.5,39,39,151000.0
6,1675,2.0,502.0,841.0,892,1999,1999,TA,TA,Gd,Fin,783,2,7,1999.0,1,0.0,0.0,24682,No,BuiltIn,2Story,VinylSd,Normal,2516.0,2.5,10,10,181000.0
5,1050,1.0,338.0,1050.0,1050,1956,1956,TA,TA,TA,Unf,0,1,5,1956.0,0,0.0,504.0,9600,No,Attchd,1Story,MetalSd,Normal,2100.0,1.0,53,53,128900.0
4,1788,1.0,304.0,1104.0,1104,1957,1989,TA,TA,TA,Unf,684,1,8,1957.0,2,0.0,0.0,11250,Av,Attchd,1.5Fin,Wd Sdng,Normal,2892.0,2.0,52,20,161500.0
6,1824,2.0,520.0,764.0,1060,1919,1950,TA,TA,TA,Unf,764,1,8,1940.0,1,0.0,0.0,13515,No,Detchd,2Story,Wd Sdng,Normal,2588.0,1.0,88,57,180500.0
6,1337,2.0,511.0,1405.0,1337,1998,1999,Gd,Gd,Gd,Fin,0,2,5,1998.0,0,0.0,266.0,4060,No,Attchd,1Story,MetalSd,Abnorml,2742.0,3.0,10,9,181000.0
7,1452,2.0,506.0,691.0,713,1999,1999,Gd,Gd,Gd,Unf,739,2,6,1999.0,0,218.0,450.0,3735,No,Detchd,2Story,MetalSd,Normal,2143.0,3.5,7,7,183900.0
7,1889,1.0,308.0,925.0,964,1910,1950,TA,Fa,TA,Unf,925,1,9,1960.0,1,0.0,0.0,10120,No,Detchd,2.5Unf,Wd Sdng,Normal,2814.0,1.5,97,57,122000.0
9,2018,3.0,746.0,2002.0,2018,2008,2009,Ex,Ex,Ex,Fin,0,2,10,2009.0,1,0.0,0.0,13214,Gd,Attchd,1Story,Stucco,Normal,4020.0,2.0,2,1,378500.0
8,3447,3.0,1014.0,728.0,1968,1935,1997,Gd,TA,TA,Unf,1479,3,11,1982.0,2,632.0,192.0,14100,Mn,BuiltIn,1.5Fin,Stucco,Normal,4175.0,3.5,73,11,381000.0
5,1524,1.0,315.0,874.0,874,1958,1958,TA,TA,TA,Unf,650,1,7,1958.0,0,180.0,460.0,11344,No,Attchd,1.5Fin,MetalSd,Normal,2398.0,1.5,49,49,144000.0
7,1524,2.0,586.0,1332.0,1332,1979,1979,Gd,Gd,Gd,Fin,192,0,4,1979.0,1,0.0,1258.0,23595,Gd,Attchd,1Story,Plywood,Normal,2856.0,2.5,31,31,260000.0
6,1489,2.0,462.0,1489.0,1489,1968,1968,Gd,TA,TA,RFn,0,2,7,1968.0,1,0.0,0.0,9156,No,Attchd,1Story,BrkFace,Normal,2978.0,2.0,41,41,185750.0
5,935,1.0,288.0,935.0,935,1965,1965,TA,TA,TA,Unf,0,1,5,1965.0,0,114.0,560.0,13526,No,Attchd,1Story,HdBoard,Normal,1870.0,2.0,41,41,137000.0
6,1357,1.0,312.0,1019.0,1357,1959,2006,Ex,TA,TA,RFn,0,1,5,1959.0,1,84.0,719.0,11512,Av,Basment,SLvl,Plywood,Normal,2376.0,2.0,49,2,177000.0
5,1250,2.0,552.0,661.0,661,1910,2003,TA,TA,TA,Unf,589,2,8,1985.0,1,0.0,0.0,5362,No,Detchd,1.5Fin,Wd Sdng,Normal,1911.0,2.0,97,4,139000.0
5,1920,2.0,400.0,928.0,928,1948,1950,TA,TA,TA,Unf,992,2,10,1948.0,0,567.0,220.0,11345,No,Detchd,2Story,AsbShng,Normal,2848.0,2.0,59,57,137000.0
6,1395,2.0,497.0,723.0,735,1972,1972,TA,TA,TA,Unf,660,1,6,1972.0,1,0.0,593.0,12936,No,Attchd,2Story,HdBoard,Normal,2118.0,2.0,37,37,162000.0
6,1724,2.0,480.0,1680.0,1724,1967,1976,TA,TA,Gd,RFn,0,1,7,1967.0,1,359.0,528.0,17871,Av,Attchd,SLvl,HdBoard,Normal,3404.0,2.5,42,33,197900.0
8,2031,2.0,577.0,1128.0,1128,2002,2002,Gd,Gd,Gd,RFn,903,2,7,2002.0,1,0.0,804.0,9473,No,Attchd,2Story,VinylSd,Normal,3159.0,3.5,6,6,237000.0
4,1128,2.0,528.0,698.0,698,1920,1950,TA,TA,TA,RFn,430,1,6,1980.0,0,0.0,0.0,7500,No,Detchd,1.5Fin,MetalSd,Abnorml,1826.0,1.0,90,60,68400.0
7,1573,2.0,544.0,1573.0,1573,2002,2002,Gd,Gd,Gd,RFn,0,2,6,2002.0,0,110.0,788.0,9808,No,Attchd,1Story,VinylSd,Normal,3146.0,3.0,7,7,227000.0
7,1339,2.0,484.0,1309.0,1339,1990,1990,TA,TA,Gd,Fin,0,2,6,1990.0,1,54.0,1053.0,8049,No,Attchd,1Story,HdBoard,Normal,2648.0,3.0,16,16,180000.0
5,1040,2.0,484.0,1040.0,1040,1977,2008,Gd,TA,Gd,Unf,0,2,5,1977.0,0,0.0,532.0,8800,Mn,Detchd,1Story,HdBoard,Normal,2080.0,2.0,32,1,150500.0
6,1824,0.0,0.0,912.0,912,1971,1971,TA,TA,TA,,912,2,8,,0,0.0,0.0,9400,Av,,2Story,MetalSd,Normal,2736.0,3.0,39,39,139000.0
6,2447,1.0,336.0,804.0,1699,1919,1990,Gd,TA,TA,Unf,748,2,10,1969.0,1,0.0,0.0,9638,No,Detchd,1.5Fin,Wd Sdng,Normal,3251.0,2.0,91,20,169000.0
6,1412,1.0,280.0,780.0,825,1939,1950,TA,TA,TA,Unf,587,1,6,1939.0,1,0.0,0.0,6000,No,Detchd,1.5Fin,MetalSd,Normal,2192.0,1.0,70,59,132500.0
6,1328,2.0,528.0,1328.0,1328,1963,1963,TA,TA,TA,Unf,0,1,6,1963.0,2,451.0,569.0,9790,No,Attchd,1Story,HdBoard,Normal,2656.0,2.5,47,47,143000.0
5,1582,2.0,390.0,1624.0,1582,1964,1964,TA,TA,TA,Unf,0,2,7,1964.0,0,621.0,812.0,36500,Av,Attchd,1Story,Wd Sdng,Normal,3206.0,2.5,42,42,190000.0
8,1659,2.0,499.0,1501.0,1659,2000,2000,Ex,Gd,Gd,Fin,0,2,5,2000.0,1,0.0,1158.0,5664,No,Attchd,1Story,CemntBd,Normal,3160.0,3.0,9,9,278000.0
8,1970,3.0,753.0,1085.0,1120,2006,2006,Ex,Gd,Gd,Fin,850,2,8,2006.0,1,788.0,0.0,11065,Mn,BuiltIn,2Story,VinylSd,Partial,3055.0,2.5,0,0,281000.0
5,1152,2.0,484.0,1152.0,1152,1964,1964,TA,TA,TA,RFn,0,1,6,1964.0,1,86.0,1014.0,14112,Av,Attchd,SLvl,Wd Sdng,Normal,2304.0,2.0,46,46,180500.0
5,1302,1.0,264.0,630.0,630,1972,1972,TA,TA,TA,Unf,672,2,6,1972.0,0,268.0,231.0,1680,No,Detchd,2Story,CemntBd,Normal,1932.0,2.5,37,37,119500.0
5,2372,1.0,432.0,994.0,1378,1892,1965,TA,TA,TA,RFn,994,2,11,1985.0,0,0.0,0.0,6600,No,Attchd,2Story,Wd Sdng,Normal,3366.0,2.0,117,44,107500.0
7,1664,2.0,528.0,832.0,832,1976,1976,TA,TA,Gd,RFn,832,2,8,1976.0,1,0.0,194.0,10140,No,Attchd,2Story,HdBoard,Normal,2496.0,2.5,30,30,162900.0
5,864,2.0,572.0,864.0,864,1955,1990,TA,TA,TA,Unf,0,1,5,1957.0,0,0.0,167.0,8172,No,Detchd,1Story,WdShing,Normal,1728.0,2.0,51,16,115000.0
5,1052,1.0,288.0,1052.0,1052,1968,1968,TA,TA,TA,RFn,0,1,5,1968.0,0,168.0,1016.0,8400,Av,Attchd,1Story,HdBoard,Normal,2104.0,2.5,38,38,138500.0
5,1128,2.0,525.0,1120.0,1128,1963,1963,TA,TA,TA,RFn,0,2,6,1963.0,0,148.0,776.0,8700,Mn,Attchd,1Story,MetalSd,Normal,2248.0,3.0,45,45,155000.0
6,1072,2.0,525.0,547.0,1072,2005,2006,TA,TA,Gd,Fin,0,2,5,2005.0,0,82.0,547.0,3675,Gd,Basment,SFoyer,VinylSd,Partial,1619.0,3.0,1,0,140000.0
10,5642,2.0,1418.0,6110.0,4692,2008,2008,Ex,Ex,Ex,Fin,950,2,12,2008.0,3,796.0,5644.0,63887,Gd,Attchd,2Story,Stucco,Partial,11752.0,4.5,0,0,160000.0
5,1246,1.0,305.0,1246.0,1246,1959,1994,Gd,TA,TA,RFn,0,1,6,1959.0,0,0.0,340.0,7500,No,Attchd,1Story,BrkFace,Normal,2492.0,2.5,51,16,154000.0
7,1983,2.0,490.0,978.0,1005,1999,1999,Gd,Gd,Gd,Fin,978,2,9,1999.0,1,344.0,694.0,10762,No,Attchd,2Story,VinylSd,Normal,2961.0,2.5,10,10,225000.0
6,1494,1.0,213.0,771.0,753,1942,1950,Gd,TA,TA,Unf,741,1,7,1942.0,2,0.0,547.0,7500,No,Attchd,2Story,Wd Sdng,Normal,2265.0,1.0,67,59,177500.0
8,2526,3.0,844.0,1165.0,1203,1994,1994,Gd,Gd,Gd,RFn,1323,2,8,1994.0,1,391.0,740.0,10120,No,Attchd,2Story,VinylSd,Normal,3691.0,3.5,12,12,290000.0
7,1616,3.0,834.0,1616.0,1616,2005,2005,Gd,Gd,Gd,RFn,0,2,7,2005.0,0,228.0,0.0,8688,Av,Attchd,1Story,VinylSd,Normal,3232.0,2.0,1,1,232000.0
7,1708,2.0,380.0,976.0,976,2004,2004,Gd,Gd,Gd,Unf,732,2,7,2004.0,0,117.0,0.0,3363,No,Detchd,2Story,VinylSd,Normal,2684.0,2.0,2,2,130000.0
9,1652,2.0,840.0,1652.0,1652,2006,2007,Ex,Gd,Ex,Fin,0,2,6,2006.0,2,300.0,1572.0,13173,No,Attchd,1Story,VinylSd,Normal,3304.0,3.0,3,2,325000.0
7,1368,2.0,474.0,1368.0,1368,2005,2006,Gd,Gd,Gd,RFn,0,2,6,2005.0,1,94.0,0.0,6955,No,Attchd,1Story,VinylSd,Partial,2736.0,2.0,1,0,202500.0
5,990,2.0,480.0,990.0,990,1994,1995,TA,TA,Gd,Unf,0,1,5,2000.0,0,0.0,746.0,8072,No,Detchd,1Story,VinylSd,Normal,1980.0,2.0,15,14,138000.0
5,1122,2.0,528.0,924.0,1122,1948,2005,Gd,TA,TA,Unf,0,1,6,1948.0,0,0.0,144.0,12000,No,Attchd,1Story,MetalSd,Normal,2046.0,2.0,60,3,147000.0
6,1294,2.0,496.0,1278.0,1294,1991,1991,Gd,TA,Gd,RFn,0,2,6,1991.0,0,88.0,1200.0,7153,No,Attchd,1Story,HdBoard,Normal,2572.0,3.0,17,17,179200.0
7,1902,2.0,567.0,1902.0,1902,1959,2002,Ex,Gd,Gd,Fin,0,2,7,1959.0,2,0.0,1406.0,17500,Av,Attchd,1Story,BrkFace,Normal,3804.0,3.0,51,8,335000.0
7,1274,2.0,508.0,1274.0,1274,2005,2007,Gd,Gd,Gd,RFn,0,2,6,2005.0,0,80.0,925.0,8814,No,Attchd,1Story,VinylSd,Partial,2548.0,3.0,2,0,203000.0
8,2810,2.0,750.0,1453.0,1453,1990,1990,Gd,Gd,Ex,RFn,1357,2,9,1990.0,1,336.0,482.0,9572,No,Attchd,2Story,Wd Sdng,Normal,4263.0,2.5,17,17,302000.0
9,2599,3.0,779.0,1393.0,1422,1999,1999,Gd,Gd,Gd,Fin,1177,2,10,1999.0,1,165.0,0.0,14774,No,BuiltIn,2Story,VinylSd,Normal,3992.0,2.5,11,11,333168.0
4,948,1.0,280.0,948.0,948,1954,1954,TA,TA,TA,Unf,0,1,5,1956.0,1,0.0,732.0,8190,No,Detchd,1Story,Wd Sdng,Normal,1896.0,2.0,53,53,119000.0
6,2112,2.0,576.0,952.0,1092,1969,1969,TA,TA,Fa,Unf,1020,2,9,1969.0,2,0.0,500.0,11075,Mn,Attchd,2Story,HdBoard,Normal,3064.0,2.5,39,39,206900.0
8,1630,3.0,860.0,1622.0,1630,2008,2008,Ex,Gd,Ex,RFn,0,2,8,2008.0,1,270.0,0.0,10226,Gd,Attchd,1Story,VinylSd,Normal,3252.0,3.0,1,1,295493.0
7,1352,2.0,466.0,1352.0,1352,2006,2007,Gd,Gd,Ex,RFn,0,2,5,2006.0,1,0.0,0.0,4230,No,Attchd,1Story,VinylSd,Partial,2704.0,2.0,1,0,208900.0
8,1787,3.0,748.0,1753.0,1787,2001,2002,Gd,Gd,Gd,RFn,0,2,7,2001.0,1,178.0,0.0,14781,Gd,Attchd,1Story,VinylSd,Normal,3540.0,2.0,5,4,275000.0
4,948,1.0,248.0,864.0,948,1954,1954,TA,TA,TA,Unf,0,1,5,1954.0,0,132.0,492.0,10215,No,Attchd,1Story,Wd Sdng,Normal,1812.0,1.0,53,53,111000.0
6,1478,2.0,442.0,1478.0,1478,1957,1957,TA,TA,TA,RFn,0,1,6,1957.0,2,0.0,189.0,8400,No,Attchd,1Story,BrkFace,Normal,2956.0,2.5,52,52,156500.0
3,720,1.0,287.0,0.0,720,1949,1950,TA,TA,,Unf,0,1,4,1955.0,0,0.0,0.0,6627,,Detchd,1Story,VinylSd,Normal,720.0,1.0,59,58,72500.0
7,1923,2.0,564.0,750.0,1061,1992,1992,Gd,Gd,Gd,RFn,862,2,8,1992.0,1,0.0,674.0,10186,No,Attchd,2Story,HdBoard,Normal,2673.0,3.5,18,18,190000.0
4,708,0.0,0.0,420.0,708,1940,1950,Fa,Fa,TA,,0,1,5,,0,0.0,280.0,5330,No,,1Story,VinylSd,Normal,1128.0,1.0,69,59,82500.0
8,1795,3.0,895.0,1795.0,1795,2006,2007,Gd,Gd,Ex,RFn,0,2,7,2007.0,1,428.0,0.0,9986,Av,Attchd,1Story,VinylSd,Partial,3590.0,2.0,1,0,147000.0
4,796,0.0,0.0,796.0,796,1922,1950,TA,TA,TA,,0,1,5,,0,0.0,0.0,3636,No,,1Story,AsbShng,Normal,1592.0,1.0,86,58,55000.0
3,774,0.0,0.0,544.0,774,1931,2006,Gd,TA,TA,,0,1,6,,0,0.0,544.0,4270,No,,1Story,MetalSd,Normal,1318.0,1.0,76,1,79000.0
5,816,1.0,264.0,816.0,816,1982,2008,Gd,Gd,TA,Unf,0,1,5,1982.0,1,0.0,641.0,6600,No,Attchd,1Story,VinylSd,Normal,1632.0,1.5,26,0,130500.0
6,2792,2.0,520.0,1510.0,1584,1920,1950,TA,Gd,Gd,Unf,1208,2,8,1920.0,2,0.0,493.0,10440,No,Detchd,1.5Fin,BrkFace,Normal,4302.0,2.0,88,58,256000.0
7,1632,2.0,462.0,935.0,955,1998,1998,TA,TA,Gd,Fin,677,2,8,1998.0,1,0.0,0.0,9084,No,Attchd,2Story,VinylSd,Normal,2567.0,2.5,8,8,176500.0
8,1588,3.0,825.0,1588.0,1588,2006,2006,Gd,Gd,Gd,RFn,0,2,7,2006.0,1,410.0,0.0,10000,Av,Attchd,1Story,VinylSd,Normal,3176.0,2.0,1,1,227000.0
5,954,2.0,576.0,911.0,954,1976,1976,TA,TA,TA,Unf,0,1,6,1976.0,0,0.0,483.0,10780,Av,Detchd,SLvl,MetalSd,Normal,1865.0,1.0,30,30,132500.0
4,816,1.0,288.0,816.0,816,1938,1958,TA,TA,TA,Unf,0,1,3,1958.0,1,0.0,690.0,8877,Mn,Detchd,1Story,MetalSd,Normal,1632.0,2.0,71,51,100000.0
5,1360,1.0,297.0,803.0,803,1938,1995,Gd,TA,TA,Unf,557,1,6,1951.0,0,0.0,0.0,7200,No,Detchd,1.5Fin,Wd Sdng,Normal,2163.0,1.5,68,11,125500.0
5,1365,2.0,440.0,765.0,765,1970,1970,TA,TA,TA,Unf,600,1,7,1970.0,0,312.0,765.0,2368,No,Attchd,2Story,HdBoard,Normal,2130.0,1.5,39,39,125000.0
6,1334,2.0,630.0,1350.0,1334,1977,1977,TA,TA,Gd,RFn,0,2,6,1977.0,1,360.0,686.0,9650,No,Attchd,1Story,Plywood,Normal,2684.0,2.5,32,32,167900.0
5,1656,2.0,506.0,1656.0,1656,1973,1973,TA,TA,TA,Unf,0,2,8,1973.0,0,564.0,0.0,9246,No,Detchd,1Story,Plywood,Normal,3312.0,2.0,35,35,135000.0
4,693,0.0,0.0,693.0,693,1941,1950,Fa,TA,TA,,0,1,4,,0,0.0,0.0,4118,No,,1Story,Wd Sdng,Normal,1386.0,1.0,65,56,52500.0
7,1861,2.0,492.0,916.0,920,2002,2002,Gd,Gd,Gd,RFn,941,2,8,2002.0,0,0.0,700.0,13450,No,BuiltIn,2Story,VinylSd,Normal,2777.0,3.5,4,4,200000.0
5,864,1.0,288.0,864.0,864,1972,1972,TA,TA,TA,RFn,0,1,5,1972.0,0,0.0,360.0,9560,Mn,Attchd,1Story,MetalSd,Normal,1728.0,1.0,34,34,128500.0
4,872,4.0,480.0,858.0,872,1971,1971,TA,TA,TA,Unf,0,1,5,1974.0,0,0.0,0.0,8294,No,Detchd,1Story,MetalSd,Normal,1730.0,1.0,36,36,123000.0
6,1114,2.0,576.0,1114.0,1114,2003,2004,Gd,TA,Gd,Unf,0,1,6,2004.0,0,0.0,814.0,13695,No,Detchd,1Story,VinylSd,Normal,2228.0,2.0,5,4,155000.0
8,2169,2.0,647.0,1284.0,1284,2002,2002,Gd,Gd,Gd,RFn,885,2,7,2002.0,1,149.0,0.0,9375,No,Attchd,2Story,VinylSd,Normal,3453.0,2.5,5,5,228500.0
6,1913,2.0,342.0,896.0,1172,1928,1950,TA,TA,TA,Unf,741,1,9,1929.0,1,0.0,0.0,7558,No,Detchd,1.5Fin,BrkFace,Normal,2809.0,1.5,81,59,177000.0
7,1456,2.0,440.0,728.0,728,2006,2006,Gd,Gd,Gd,Fin,728,2,8,2006.0,1,0.0,0.0,11103,No,Attchd,2Story,VinylSd,Partial,2184.0,2.5,1,1,155835.0
4,960,1.0,308.0,960.0,960,1920,1950,Fa,TA,TA,Unf,0,1,5,1997.0,0,0.0,250.0,6000,No,Detchd,1Story,MetalSd,Normal,1920.0,1.0,87,57,108500.0
7,2156,2.0,508.0,1568.0,2156,1968,2003,TA,TA,TA,RFn,0,2,9,1968.0,1,0.0,297.0,20781,No,Attchd,1Story,BrkFace,Normal,3724.0,2.0,38,3,262500.0
8,1776,3.0,712.0,1732.0,1776,2006,2007,Gd,Gd,Ex,Fin,0,2,7,2006.0,1,100.0,80.0,15306,Gd,Attchd,1Story,VinylSd,Partial,3508.0,3.0,1,0,283463.0
7,1494,2.0,514.0,1482.0,1494,1998,1998,Gd,Gd,Gd,RFn,0,2,5,1998.0,1,0.0,1443.0,16196,Gd,Attchd,1Story,VinylSd,Normal,2976.0,3.0,9,9,215000.0
8,2358,0.0,0.0,684.0,938,1872,1987,TA,TA,TA,,1215,2,8,,0,0.0,259.0,5250,No,,2Story,MetalSd,Normal,2837.0,2.0,136,21,122000.0
5,2634,4.0,968.0,1248.0,1338,1969,1969,TA,TA,TA,Unf,1296,2,12,1969.0,0,368.0,500.0,11643,No,Detchd,2Story,MetalSd,Normal,3882.0,4.5,40,40,200000.0
6,1716,2.0,490.0,858.0,858,1962,1962,TA,TA,TA,Fin,858,1,8,1962.0,1,318.0,319.0,9247,No,Attchd,2Story,HdBoard,Normal,2574.0,1.5,46,46,171000.0
6,1176,2.0,624.0,698.0,786,1937,2000,TA,Gd,TA,Unf,390,1,4,1999.0,0,0.0,0.0,6000,No,Detchd,1.5Fin,MetalSd,Normal,1874.0,1.0,72,9,134900.0
8,3238,3.0,666.0,2033.0,2053,1995,1996,Gd,Gd,Gd,Fin,1185,2,9,1996.0,1,579.0,816.0,14720,Av,Attchd,1.5Fin,VinylSd,Normal,5271.0,3.5,15,14,410000.0
7,1865,3.0,839.0,992.0,992,2000,2000,Gd,Gd,Gd,RFn,873,2,7,2000.0,1,0.0,735.0,10316,No,Attchd,2Story,VinylSd,Normal,2857.0,3.5,8,8,235000.0
7,1920,2.0,487.0,570.0,1222,1968,1992,Gd,TA,TA,RFn,698,3,8,1968.0,1,143.0,0.0,10192,No,Attchd,SLvl,MetalSd,Normal,2490.0,3.0,38,14,170000.0
5,892,1.0,264.0,864.0,892,1966,1966,TA,TA,TA,RFn,0,1,5,1966.0,0,65.0,340.0,9477,No,Attchd,1Story,HdBoard,Normal,1756.0,1.0,42,42,110000.0
5,1078,2.0,500.0,1078.0,1078,1971,2008,TA,TA,TA,Fin,0,1,6,1971.0,1,0.0,734.0,12537,No,Attchd,1Story,VinylSd,Normal,2156.0,2.5,39,2,149900.0
6,1573,2.0,440.0,756.0,769,2000,2000,Gd,Gd,Gd,Unf,804,2,5,2000.0,0,216.0,378.0,2117,No,Detchd,2Story,MetalSd,Normal,2329.0,2.5,10,10,177500.0
9,1980,3.0,770.0,1980.0,1980,2004,2005,Ex,Gd,Ex,Fin,0,2,8,2004.0,1,66.0,1447.0,16737,Av,Attchd,1Story,VinylSd,Normal,3960.0,3.0,2,1,315000.0
5,2601,2.0,621.0,612.0,990,1921,1998,TA,TA,TA,RFn,1611,3,8,1998.0,0,0.0,0.0,9842,No,BuiltIn,2Story,MetalSd,Normal,3213.0,3.5,87,10,189000.0
7,1530,2.0,430.0,1530.0,1530,2005,2005,Gd,Gd,Ex,Fin,0,2,7,2005.0,1,16.0,1274.0,16158,Av,Attchd,1Story,VinylSd,Normal,3060.0,3.0,4,4,260000.0
4,1738,1.0,368.0,715.0,1281,1920,2007,TA,TA,TA,Unf,457,2,7,1920.0,1,0.0,0.0,12513,No,Attchd,1.5Fin,VinylSd,Normal,2453.0,2.0,89,2,104900.0
6,1412,2.0,432.0,616.0,616,2006,2007,Gd,TA,Gd,Fin,796,2,6,2007.0,1,0.0,0.0,8499,No,BuiltIn,2Story,VinylSd,Partial,2028.0,2.5,1,0,156932.0
7,1200,2.0,480.0,600.0,520,2005,2005,Gd,Gd,Gd,RFn,600,2,4,2005.0,0,0.0,0.0,3180,No,Detchd,2Story,MetalSd,Abnorml,1720.0,2.5,1,1,144152.0
7,1674,2.0,663.0,814.0,814,2000,2000,Gd,Gd,Gd,RFn,860,2,7,2000.0,0,0.0,533.0,7500,No,Attchd,2Story,VinylSd,Normal,2488.0,3.5,10,10,216000.0
7,1790,2.0,588.0,873.0,882,1999,1999,Gd,Gd,Gd,RFn,908,2,7,1999.0,0,158.0,633.0,9179,No,Attchd,2Story,VinylSd,Abnorml,2663.0,3.5,9,9,193000.0
5,1475,1.0,336.0,757.0,925,1977,1977,TA,TA,TA,RFn,550,2,6,1977.0,1,0.0,548.0,2665,No,Attchd,2Story,CemntBd,Normal,2232.0,2.0,29,29,127000.0
6,848,2.0,420.0,848.0,848,2003,2004,Gd,Gd,Gd,Fin,0,1,4,2003.0,0,170.0,685.0,4435,Av,Attchd,1Story,VinylSd,Normal,1696.0,2.0,6,5,144000.0
8,1668,2.0,502.0,1657.0,1668,2003,2003,Gd,Gd,Gd,Fin,0,2,8,2003.0,1,171.0,370.0,10635,Av,Attchd,1Story,VinylSd,Normal,3325.0,3.0,7,7,232000.0
4,1374,1.0,338.0,840.0,840,1920,1950,TA,Fa,TA,Fin,534,1,6,1967.0,0,0.0,315.0,5400,No,Detchd,1.5Fin,CBlock,Normal,2214.0,1.0,89,59,105000.0
6,1661,1.0,377.0,992.0,1661,1955,1996,Gd,TA,TA,RFn,0,1,8,1955.0,1,0.0,831.0,9600,Av,BuiltIn,SLvl,AsbShng,Normal,2653.0,2.0,53,12,165500.0
7,2097,2.0,583.0,1108.0,1108,1998,1998,Gd,TA,Gd,RFn,989,2,8,1998.0,1,0.0,975.0,9750,Av,Detchd,2Story,VinylSd,Normal,3205.0,3.5,8,8,274300.0
10,2633,3.0,804.0,2633.0,2633,2001,2002,Ex,Ex,Ex,RFn,0,2,8,2001.0,2,705.0,1282.0,11400,Gd,Attchd,1Story,VinylSd,Normal,5266.0,3.5,6,5,466500.0
7,1958,3.0,936.0,1026.0,1026,2005,2005,Gd,Gd,Gd,Fin,932,2,9,2005.0,1,0.0,0.0,10625,No,Attchd,2Story,CemntBd,Normal,2984.0,2.5,3,3,250000.0
8,1571,3.0,722.0,1571.0,1571,2007,2007,Gd,Gd,Gd,Fin,0,2,7,2007.0,1,80.0,0.0,10991,Gd,Attchd,1Story,VinylSd,Partial,3142.0,2.0,0,0,239000.0
6,790,1.0,160.0,768.0,790,1930,1950,TA,TA,Gd,Unf,0,1,4,1925.0,0,0.0,384.0,6292,Mn,Detchd,1Story,Wd Sdng,Normal,1558.0,1.0,78,58,91000.0
5,1604,2.0,660.0,984.0,984,1941,1960,TA,TA,TA,Unf,620,2,6,1977.0,0,0.0,408.0,10998,No,Detchd,1.5Fin,Wd Sdng,Normal,2588.0,2.0,68,49,117000.0
6,987,1.0,264.0,483.0,483,1973,1973,TA,TA,TA,Unf,504,1,5,1973.0,0,408.0,309.0,1953,No,Detchd,2Story,HdBoard,Normal,1470.0,1.5,33,33,83000.0
5,1394,2.0,400.0,384.0,754,2006,2007,Gd,TA,Gd,Fin,640,2,7,2007.0,0,0.0,0.0,9735,No,BuiltIn,SLvl,VinylSd,Normal,1778.0,2.5,2,1,167500.0
3,864,1.0,200.0,864.0,864,1914,1950,TA,TA,TA,Unf,0,1,5,1938.0,0,0.0,203.0,8212,No,Detchd,1Story,Stucco,Normal,1728.0,2.0,96,60,58500.0
6,2117,2.0,550.0,1205.0,2117,1970,1970,TA,TA,TA,Fin,0,2,7,1970.0,2,0.0,865.0,12925,Mn,Attchd,1Story,BrkFace,Normal,3322.0,2.5,38,38,237500.0
7,1762,2.0,576.0,596.0,998,1920,1950,Gd,TA,Fa,Unf,764,1,8,1989.0,0,0.0,0.0,7200,No,Detchd,2Story,Wd Sdng,Normal,2358.0,2.5,86,56,157000.0
5,1416,2.0,576.0,816.0,1416,1918,2007,Gd,TA,TA,Unf,0,2,7,2007.0,0,0.0,0.0,25339,No,Attchd,1Story,Wd Sdng,Normal,2232.0,2.0,89,0,112000.0
6,1258,1.0,280.0,560.0,698,1939,1950,TA,TA,TA,Unf,560,1,6,1939.0,0,0.0,204.0,9060,Mn,Detchd,1.5Fin,WdShing,Normal,1818.0,1.0,70,59,105000.0
4,1154,1.0,240.0,796.0,796,1922,2007,Gd,TA,TA,Unf,358,1,7,1922.0,0,0.0,735.0,5436,No,Detchd,1.5Fin,VinylSd,Normal,1950.0,2.0,88,3,125500.0
7,2784,2.0,564.0,1392.0,1392,1978,1978,Gd,TA,Gd,RFn,1392,3,12,1978.0,2,184.0,790.0,16692,No,Attchd,2Story,Plywood,Normal,4176.0,4.5,28,28,250000.0
6,2526,1.0,216.0,714.0,1664,1916,1950,Gd,TA,TA,Unf,862,2,10,1916.0,1,0.0,168.0,8520,No,Detchd,1.5Fin,Stucco,Family,3240.0,2.0,91,57,136000.0
9,1746,3.0,758.0,1746.0,1746,2006,2007,Ex,Ex,Ex,Fin,0,2,7,2006.0,2,160.0,1320.0,14892,Gd,Attchd,1Story,VinylSd,Normal,3492.0,3.0,3,2,377500.0
6,1218,2.0,440.0,735.0,869,1941,1950,TA,TA,TA,Unf,349,1,6,2003.0,1,0.0,375.0,6000,No,Detchd,1.5Fin,Wd Sdng,Normal,1953.0,1.5,66,57,131000.0
7,1525,2.0,541.0,1525.0,1525,2000,2000,Gd,Gd,Gd,RFn,0,2,6,2000.0,0,244.0,1400.0,9100,Av,Attchd,1Story,VinylSd,Normal,3050.0,3.0,6,6,235000.0
5,1584,3.0,792.0,1584.0,1584,1967,1967,TA,TA,TA,Unf,0,2,8,1967.0,0,0.0,0.0,8944,No,Detchd,1Story,Plywood,Normal,3168.0,2.0,42,42,124000.0
5,900,1.0,288.0,864.0,900,1967,1967,TA,TA,TA,RFn,0,1,6,1967.0,1,0.0,769.0,7838,Av,Attchd,SFoyer,HdBoard,Normal,1764.0,2.0,39,39,123000.0
6,1912,2.0,672.0,482.0,1221,1905,2000,TA,TA,Fa,Unf,691,2,7,2003.0,1,0.0,0.0,10800,No,Detchd,1.5Fin,Wd Sdng,Normal,2394.0,2.0,103,8,163000.0
7,1500,3.0,648.0,1356.0,1500,2006,2006,Gd,Gd,Gd,Fin,0,2,6,2006.0,1,45.0,1070.0,4045,Av,Attchd,1Story,VinylSd,Partial,2856.0,3.0,0,0,246578.0
8,2482,3.0,642.0,1094.0,1133,2005,2006,Gd,Gd,Gd,Fin,1349,2,9,2005.0,1,245.0,0.0,12665,Gd,BuiltIn,2Story,VinylSd,Normal,3576.0,2.5,2,1,281213.0
5,1687,2.0,572.0,747.0,1687,1948,1950,TA,TA,TA,Unf,0,1,7,1966.0,2,0.0,353.0,57200,Av,Detchd,1Story,Wd Sdng,Normal,2434.0,2.0,62,60,160000.0
5,1513,1.0,180.0,939.0,939,1920,2004,TA,TA,TA,Unf,574,1,8,1933.0,0,0.0,0.0,6120,Mn,Detchd,2Story,MetalSd,Normal,2452.0,1.5,87,3,137500.0
5,1904,1.0,240.0,1208.0,1136,1950,1982,TA,TA,TA,Unf,768,1,7,1950.0,0,0.0,180.0,7200,No,Attchd,1.5Fin,VinylSd,Normal,3112.0,2.5,59,27,138000.0
6,1608,1.0,216.0,976.0,1160,1925,1990,Gd,TA,TA,Unf,448,2,7,1925.0,1,0.0,264.0,6171,No,Detchd,1.5Fin,WdShing,Normal,2584.0,2.5,84,19,137450.0
6,1158,1.0,208.0,862.0,950,1929,1950,TA,TA,TA,RFn,208,1,5,1929.0,1,0.0,0.0,6000,No,BuiltIn,1.5Fin,WdShing,Normal,2020.0,1.0,79,58,120000.0
6,1593,2.0,398.0,839.0,864,2004,2004,TA,TA,TA,Fin,729,2,8,2004.0,1,0.0,759.0,7415,No,Attchd,2Story,VinylSd,Normal,2432.0,3.5,4,4,193000.0
7,1294,2.0,662.0,1286.0,1294,2006,2006,Gd,Gd,Gd,RFn,0,2,6,2006.0,1,0.0,0.0,6762,Av,Attchd,1Story,VinylSd,Partial,2580.0,2.0,0,0,193879.0
8,1464,3.0,754.0,1485.0,1464,2007,2007,Gd,Gd,Gd,Unf,0,2,6,2007.0,0,84.0,929.0,15256,Gd,Attchd,1Story,VinylSd,Normal,2949.0,3.0,0,0,282922.0
3,1214,3.0,936.0,672.0,694,1915,1950,TA,TA,TA,Unf,520,1,6,1998.0,0,0.0,0.0,10410,No,Detchd,1.5Fin,Wd Sdng,Family,1886.0,1.0,91,56,105000.0
8,1646,2.0,482.0,1594.0,1646,2004,2005,Gd,Gd,Ex,Fin,0,2,5,2004.0,1,174.0,1373.0,3842,Gd,Attchd,1Story,CemntBd,Normal,3240.0,3.5,4,3,275000.0
5,768,2.0,396.0,768.0,768,1972,2007,TA,TA,Gd,Unf,0,1,5,1988.0,0,0.0,656.0,8445,Av,Detchd,SFoyer,HdBoard,Normal,1536.0,2.0,37,2,133000.0
5,833,0.0,0.0,833.0,833,1985,1985,TA,TA,TA,,0,1,5,,0,0.0,625.0,8780,No,,1Story,HdBoard,Normal,1666.0,2.0,24,24,112000.0
4,1363,2.0,528.0,622.0,741,1910,1950,TA,TA,Fa,Unf,622,1,6,1966.0,0,0.0,0.0,7740,No,Detchd,2Story,VinylSd,Normal,1985.0,1.0,100,60,125500.0
7,2093,2.0,542.0,791.0,1236,1986,1991,TA,TA,Gd,Fin,857,2,7,1986.0,1,123.0,0.0,20544,No,Attchd,2Story,Plywood,Normal,2884.0,2.5,22,17,215000.0
7,1840,2.0,622.0,944.0,944,2001,2001,Gd,Gd,Gd,RFn,896,2,6,2001.0,0,0.0,666.0,12420,No,Attchd,2Story,VinylSd,Normal,2784.0,3.5,8,8,230000.0
6,1668,1.0,271.0,856.0,1112,1950,2005,TA,TA,TA,Unf,556,1,6,1950.0,0,0.0,120.0,9600,No,Attchd,1.5Fin,VinylSd,Normal,2524.0,1.5,59,4,140000.0
4,1040,2.0,420.0,0.0,1040,1949,1950,TA,TA,,Unf,0,2,6,1956.0,0,0.0,0.0,7200,,Detchd,1Story,BrkFace,Normal,1040.0,2.0,60,59,90000.0
8,1844,2.0,620.0,1844.0,1844,2005,2006,Gd,Gd,Gd,Fin,0,2,7,2005.0,1,366.0,976.0,10994,No,Attchd,1Story,VinylSd,Abnorml,3688.0,3.0,4,3,257000.0
6,1848,2.0,370.0,833.0,1053,1923,2000,Gd,TA,TA,Unf,795,1,8,1922.0,1,0.0,0.0,13053,No,Detchd,1.5Fin,Wd Sdng,Normal,2681.0,1.5,85,8,207000.0
7,1569,3.0,660.0,1386.0,1569,2007,2007,Gd,Gd,Gd,RFn,0,2,7,2007.0,1,130.0,988.0,3635,No,Attchd,1Story,VinylSd,Normal,2955.0,2.5,2,2,175900.0
4,2290,2.0,560.0,777.0,1246,1885,1950,TA,TA,TA,Unf,1044,2,11,1971.0,0,0.0,0.0,11340,No,Detchd,2Story,VinylSd,Normal,3067.0,2.0,125,60,122500.0
8,2450,3.0,1069.0,1284.0,1310,1998,1998,Gd,Gd,Gd,Fin,1140,2,7,1998.0,1,731.0,781.0,16545,Mn,Attchd,2Story,VinylSd,Normal,3734.0,3.5,11,11,340000.0
5,1144,1.0,336.0,1144.0,1144,1963,1963,TA,TA,TA,Unf,0,1,6,1962.0,0,0.0,25.0,9204,No,Detchd,1Story,HdBoard,Normal,2288.0,2.5,45,45,124000.0
6,1844,2.0,540.0,1844.0,1844,1969,1969,Gd,Gd,TA,RFn,0,2,7,1969.0,1,312.0,1110.0,16381,Av,Attchd,1Story,Plywood,Normal,3688.0,3.0,37,37,223000.0
6,1416,2.0,776.0,708.0,708,1968,1968,TA,TA,TA,RFn,708,2,7,1968.0,1,420.0,404.0,11700,No,Attchd,2Story,HdBoard,Normal,2124.0,2.5,38,38,179900.0
6,1069,2.0,440.0,1069.0,1069,1977,1977,TA,TA,Gd,RFn,0,2,4,1977.0,1,0.0,360.0,4043,No,Attchd,1Story,Plywood,Normal,2138.0,2.0,33,33,127500.0
6,848,2.0,420.0,848.0,848,2003,2003,Gd,Gd,Gd,Fin,0,1,3,2003.0,0,170.0,686.0,4435,Av,Attchd,1Story,VinylSd,Normal,1696.0,2.0,5,5,136500.0
6,2201,2.0,432.0,697.0,1575,1966,1966,Gd,Gd,Gd,Unf,626,2,8,1966.0,1,0.0,0.0,19690,Av,Attchd,SLvl,Plywood,Alloca,2898.0,2.0,40,40,274970.0
5,1344,1.0,484.0,1024.0,1344,1958,1983,TA,TA,TA,Unf,0,1,6,1970.0,1,0.0,457.0,9503,No,Detchd,1Story,HdBoard,Normal,2368.0,2.0,49,24,144000.0
6,1252,2.0,528.0,1252.0,1252,1959,1959,Gd,Gd,TA,Unf,0,1,7,1960.0,0,243.0,0.0,10721,No,Detchd,1Story,HdBoard,Normal,2504.0,1.0,49,49,142000.0
7,2127,2.0,525.0,1223.0,1223,1994,1994,Gd,Gd,Gd,RFn,904,2,5,1994.0,2,448.0,1000.0,10944,No,Attchd,2Story,VinylSd,Normal,3350.0,3.5,14,14,271000.0
5,1558,1.0,288.0,913.0,1048,1945,1950,TA,TA,TA,Unf,510,1,6,1962.0,1,0.0,580.0,10930,No,Attchd,1.5Fin,MetalSd,Normal,2471.0,2.5,63,58,140000.0
5,804,1.0,240.0,788.0,804,1940,1992,Gd,TA,TA,Unf,0,1,4,1940.0,2,294.0,510.0,7200,No,Attchd,1Story,MetalSd,Abnorml,1592.0,2.0,70,18,119000.0
6,1440,2.0,467.0,1440.0,1440,1981,1981,Gd,Gd,Gd,Fin,0,2,7,1981.0,1,310.0,678.0,12546,No,Attchd,1Story,MetalSd,Normal,2880.0,2.0,26,26,182900.0
5,1838,2.0,372.0,732.0,734,2005,2005,TA,Gd,Gd,Fin,1104,2,7,2005.0,1,0.0,0.0,21930,Av,BuiltIn,2Story,VinylSd,Normal,2570.0,2.5,1,1,192140.0
6,958,2.0,440.0,958.0,958,1976,1976,TA,TA,Gd,RFn,0,2,5,1976.0,0,0.0,958.0,4928,No,Attchd,1Story,Plywood,Normal,1916.0,2.0,33,33,143750.0
4,968,1.0,216.0,656.0,968,1927,2007,TA,TA,TA,Unf,0,2,5,1928.0,0,0.0,0.0,10800,No,Detchd,1Story,Wd Sdng,Normal,1624.0,2.0,80,0,64500.0
6,1792,2.0,451.0,936.0,962,2000,2000,TA,TA,Gd,Fin,830,2,8,2000.0,1,318.0,0.0,10261,No,Attchd,2Story,VinylSd,Normal,2728.0,3.5,8,8,186500.0
5,1126,2.0,484.0,1126.0,1126,1977,1977,TA,TA,TA,RFn,0,2,5,1977.0,1,0.0,936.0,17400,No,Attchd,1Story,BrkFace,Normal,2252.0,3.0,29,29,160000.0
6,1537,2.0,462.0,1319.0,1537,1962,2005,Gd,Gd,TA,RFn,0,1,7,1962.0,1,237.0,0.0,8400,No,Attchd,1Story,Wd Sdng,Abnorml,2856.0,2.5,46,3,174000.0
4,864,2.0,528.0,864.0,864,1971,1971,TA,TA,TA,Unf,0,1,5,1974.0,0,0.0,616.0,9000,No,Detchd,1Story,HdBoard,Normal,1728.0,1.0,36,36,120500.0
8,1932,3.0,774.0,1932.0,1932,2008,2008,Ex,Ex,Ex,Fin,0,2,7,2008.0,1,426.0,1336.0,12444,Av,Attchd,1Story,VinylSd,Partial,3864.0,3.0,0,0,394617.0
6,1236,2.0,923.0,912.0,1236,1957,1996,TA,TA,TA,Unf,0,1,6,1957.0,0,0.0,600.0,7407,No,Attchd,1Story,MetalSd,Normal,2148.0,2.0,53,14,149700.0
7,1725,2.0,550.0,539.0,1040,1979,1979,TA,TA,TA,RFn,685,2,6,1979.0,1,96.0,315.0,11584,No,Attchd,SLvl,HdBoard,Normal,2264.0,2.5,28,28,197000.0
6,2555,2.0,672.0,588.0,1423,1922,1994,TA,TA,Ex,Fin,748,2,11,1993.0,1,0.0,0.0,11526,No,Detchd,2.5Fin,MetalSd,Normal,2759.0,2.0,86,14,191000.0
6,848,2.0,420.0,848.0,848,2004,2004,Gd,Gd,Gd,RFn,0,1,3,2004.0,1,147.0,697.0,4426,Av,Attchd,1Story,VinylSd,Normal,1696.0,2.0,4,4,149300.0
10,2007,3.0,812.0,1017.0,1026,2008,2008,Ex,Ex,Ex,Fin,981,2,10,2008.0,1,160.0,765.0,11003,Av,Attchd,2Story,VinylSd,Normal,3024.0,3.5,1,1,310000.0
6,952,1.0,192.0,952.0,952,1916,1950,Fa,TA,TA,Unf,0,1,4,1916.0,1,0.0,0.0,8854,No,Detchd,1.5Unf,Wd Sdng,Normal,1904.0,1.0,93,59,121000.0
7,1422,2.0,626.0,1422.0,1422,2004,2004,Gd,Gd,Gd,RFn,0,2,7,2004.0,0,106.0,0.0,8500,Av,Attchd,1Story,VinylSd,Normal,2844.0,2.0,3,3,179600.0
6,913,1.0,240.0,814.0,913,1966,1966,TA,TA,TA,Unf,0,1,6,1990.0,0,0.0,187.0,8400,Gd,Detchd,SFoyer,VinylSd,Normal,1727.0,2.0,41,41,129000.0
5,1188,1.0,312.0,1188.0,1188,1962,1962,TA,TA,TA,Unf,0,1,6,1962.0,0,189.0,593.0,26142,No,Attchd,1Story,HdBoard,Normal,2376.0,1.0,48,48,157900.0
8,2090,2.0,556.0,1220.0,1220,1995,1996,Gd,Gd,Gd,RFn,870,2,8,1995.0,1,438.0,1079.0,10000,No,Attchd,2Story,VinylSd,Normal,3310.0,3.5,12,11,240000.0
4,1346,1.0,384.0,560.0,796,1910,2000,TA,TA,Fa,Unf,550,1,6,1950.0,0,0.0,0.0,11767,No,Detchd,2Story,MetalSd,Normal,1906.0,1.5,97,7,112000.0
5,630,0.0,0.0,630.0,630,1970,1970,Ex,TA,Gd,,0,1,3,,0,0.0,553.0,1533,Av,,SFoyer,CemntBd,Abnorml,1260.0,2.0,36,36,92000.0
5,1792,0.0,0.0,896.0,896,1974,1974,TA,TA,Gd,,896,2,8,,0,0.0,0.0,9000,No,,2Story,VinylSd,Normal,2688.0,3.0,35,35,136000.0
8,1578,3.0,840.0,1573.0,1578,2008,2009,Ex,Gd,Gd,Fin,0,2,7,2008.0,1,194.0,0.0,9262,No,Attchd,1Story,CemntBd,Partial,3151.0,2.0,1,0,287090.0
5,1072,2.0,525.0,547.0,1072,2005,2005,TA,TA,Gd,Fin,0,1,5,2005.0,0,80.0,547.0,3675,Gd,Basment,SLvl,VinylSd,Normal,1619.0,2.0,1,1,145000.0
5,1140,0.0,0.0,1140.0,1140,2006,2006,TA,TA,Gd,,0,1,6,,0,0.0,0.0,17217,No,,1Story,VinylSd,Abnorml,2280.0,1.0,0,0,84500.0
7,1221,2.0,400.0,1221.0,1221,2004,2005,Gd,Gd,Gd,RFn,0,2,6,2004.0,0,0.0,410.0,7500,No,Attchd,1Story,VinylSd,Normal,2442.0,3.0,5,4,185000.0
6,1647,2.0,460.0,953.0,953,1999,2000,TA,TA,Gd,RFn,694,2,7,1999.0,1,0.0,0.0,7917,No,Attchd,2Story,VinylSd,Normal,2600.0,2.5,8,7,175000.0
6,2073,2.0,500.0,1542.0,2073,1978,1988,TA,TA,Gd,Unf,0,2,7,1978.0,2,119.0,790.0,13175,No,Attchd,1Story,Plywood,Normal,3615.0,3.0,32,22,210000.0
7,2340,1.0,252.0,1152.0,1188,1941,2006,Gd,Ex,TA,RFn,1152,2,9,1941.0,2,0.0,275.0,9042,No,Attchd,2Story,CemntBd,Normal,3492.0,2.0,69,4,266500.0
5,1078,1.0,240.0,1078.0,1078,1950,1996,Gd,TA,TA,Unf,0,1,5,1950.0,0,0.0,49.0,9717,Mn,Attchd,1Story,MetalSd,Normal,2156.0,2.0,60,14,142125.0
5,1256,1.0,276.0,1256.0,1256,1965,1965,TA,Gd,TA,Fin,0,1,6,1965.0,0,0.0,830.0,9937,No,Attchd,1Story,HdBoard,Normal,2512.0,2.5,43,43,147500.0
